"../../../Engine/Plugins/2D/Paper2D/Content/PlaceholderTextures/DummySpriteTexture.ubulk" 0
"../../../Engine/Plugins/2D/Paper2D/Content/PlaceholderTextures/DummySpriteTexture.uasset" 1
"../../../Engine/Plugins/2D/Paper2D/Content/PlaceholderTextures/DummySpriteTexture.uexp" 2
"../../../Engine/Plugins/2D/Paper2D/Content/DummySprite.uasset" 3
"../../../Engine/Plugins/2D/Paper2D/Content/DummySprite.uexp" 4
"../../../Engine/Plugins/2D/Paper2D/Content/DefaultPaperTerrainMaterial.uasset" 5
"../../../Engine/Plugins/2D/Paper2D/Content/DefaultPaperTerrainMaterial.uexp" 6
"../../../Engine/Plugins/Animation/ACLPlugin/Content/ACLAnimBoneCompressionSettings.uasset" 7
"../../../Engine/Plugins/Animation/ACLPlugin/Content/ACLAnimBoneCompressionSettings.uexp" 8
"../../../Engine/Content/EngineFonts/Faces/DroidSansFallback.uexp" 9
"../../../Engine/Content/EngineFonts/Faces/DroidSansFallback.uasset" 10
"../../../Engine/Content/EngineFonts/Faces/DroidSansFallback.ufont" 11
"../../../Engine/Content/EngineFonts/Faces/RobotoBold.uexp" 12
"../../../Engine/Content/EngineFonts/Faces/RobotoBold.uasset" 13
"../../../Engine/Content/EngineFonts/Faces/RobotoBold.ufont" 14
"../../../Engine/Content/EngineFonts/Faces/RobotoBoldItalic.uexp" 15
"../../../Engine/Content/EngineFonts/Faces/RobotoBoldItalic.uasset" 16
"../../../Engine/Content/EngineFonts/Faces/RobotoBoldItalic.ufont" 17
"../../../Engine/Content/EngineFonts/Faces/RobotoItalic.uexp" 18
"../../../Engine/Content/EngineFonts/Faces/RobotoItalic.uasset" 19
"../../../Engine/Content/EngineFonts/Faces/RobotoItalic.ufont" 20
"../../../Engine/Content/EngineFonts/Faces/RobotoLight.uexp" 21
"../../../Engine/Content/EngineFonts/Faces/RobotoLight.uasset" 22
"../../../Engine/Content/EngineFonts/Faces/RobotoLight.ufont" 23
"../../../Engine/Content/EngineFonts/Faces/RobotoRegular.uexp" 24
"../../../Engine/Content/EngineFonts/Faces/RobotoRegular.uasset" 25
"../../../Engine/Content/EngineFonts/Faces/RobotoRegular.ufont" 26
"../../../Engine/Content/EngineFonts/Roboto.uasset" 27
"../../../Engine/Content/EngineFonts/Roboto.uexp" 28
"../../../Engine/Content/EngineMaterials/DefaultDestructiblePhysicalMaterial.uasset" 29
"../../../Engine/Content/EngineMaterials/DefaultDestructiblePhysicalMaterial.uexp" 30
"../../../Engine/Content/EngineMaterials/DefaultPhysicalMaterial.uasset" 31
"../../../Engine/Content/EngineMaterials/DefaultPhysicalMaterial.uexp" 32
"../../../Engine/Content/EngineSounds/Master.uasset" 33
"../../../Engine/Content/EngineSounds/Master.uexp" 34
"../../../Engine/Plugins/Interchange/Runtime/Content/Pipelines/DefaultMaterialPipeline.uasset" 35
"../../../Engine/Plugins/Interchange/Runtime/Content/Pipelines/DefaultMaterialPipeline.uexp" 36
"../../../Engine/Plugins/Interchange/Runtime/Content/Pipelines/DefaultMaterialXPipeline.uasset" 37
"../../../Engine/Plugins/Interchange/Runtime/Content/Pipelines/DefaultMaterialXPipeline.uexp" 38
"../../../Engine/Plugins/Interchange/Runtime/Content/Pipelines/DefaultSceneAssetsPipeline.uasset" 39
"../../../Engine/Plugins/Interchange/Runtime/Content/Pipelines/DefaultSceneAssetsPipeline.uexp" 40
"../../../Engine/Plugins/Interchange/Runtime/Content/Pipelines/DefaultSceneLevelPipeline.uasset" 41
"../../../Engine/Plugins/Interchange/Runtime/Content/Pipelines/DefaultSceneLevelPipeline.uexp" 42
"../../../Engine/Plugins/Interchange/Runtime/Content/Pipelines/DefaultTexturePipeline.uasset" 43
"../../../Engine/Plugins/Interchange/Runtime/Content/Pipelines/DefaultTexturePipeline.uexp" 44
"../../../Engine/Plugins/NNE/NNEDenoiser/Content/NNEDTOM_Output_Alpha.uasset" 45
"../../../Engine/Plugins/NNE/NNEDenoiser/Content/NNEDTOM_Output_Alpha.uexp" 46
"../../../Engine/Plugins/NNE/NNEDenoiser/Content/NNEDTOM_Output_Default.uasset" 47
"../../../Engine/Plugins/NNE/NNEDenoiser/Content/NNEDTOM_Output_Default.uexp" 48
"../../../Engine/Plugins/NNE/NNEDenoiser/Content/NNEDT_Oidn2-3_Balanced.uasset" 49
"../../../Engine/Plugins/NNE/NNEDenoiser/Content/NNEDT_Oidn2-3_Balanced.uexp" 50
"../../../Engine/Plugins/NNE/NNEDenoiser/Content/NNEDT_Oidn2-3_Balanced_Alpha.uasset" 51
"../../../Engine/Plugins/NNE/NNEDenoiser/Content/NNEDT_Oidn2-3_Balanced_Alpha.uexp" 52
"../../../Engine/Plugins/NNE/NNEDenoiser/Content/NNED_Oidn2-3_Balanced.uasset" 53
"../../../Engine/Plugins/NNE/NNEDenoiser/Content/NNED_Oidn2-3_Balanced.uexp" 54
"../../../Engine/Plugins/NNE/NNEDenoiser/Content/NNED_Oidn2-3_Balanced_Alpha.uasset" 55
"../../../Engine/Plugins/NNE/NNEDenoiser/Content/NNED_Oidn2-3_Balanced_Alpha.uexp" 56
"../../../Engine/Plugins/NNE/NNEDenoiser/Content/NNED_Oidn2-3_Fast.uasset" 57
"../../../Engine/Plugins/NNE/NNEDenoiser/Content/NNED_Oidn2-3_Fast.uexp" 58
"../../../Engine/Plugins/NNE/NNEDenoiser/Content/NNED_Oidn2-3_Fast_Alpha.uasset" 59
"../../../Engine/Plugins/NNE/NNEDenoiser/Content/NNED_Oidn2-3_Fast_Alpha.uexp" 60
"../../../Engine/Plugins/NNE/NNEDenoiser/Content/NNED_Oidn2-3_HighQuality.uasset" 61
"../../../Engine/Plugins/NNE/NNEDenoiser/Content/NNED_Oidn2-3_HighQuality.uexp" 62
"../../../Engine/Plugins/NNE/NNEDenoiser/Content/NNED_Oidn2-3_HighQuality_Alpha.uasset" 63
"../../../Engine/Plugins/NNE/NNEDenoiser/Content/NNED_Oidn2-3_HighQuality_Alpha.uexp" 64
"../../../Engine/Plugins/NNE/NNEDenoiser/Content/NNE_oidn2-3-0_rt_hdr_alb_nrm_small__dyn__fp16_opset11_DenoiseAlpha.uasset" 65
"../../../Engine/Plugins/NNE/NNEDenoiser/Content/NNE_oidn2-3-0_rt_hdr_alb_nrm_small__dyn__fp16_opset11_DenoiseAlpha.uexp" 66
"../../../Engine/Plugins/NNE/NNEDenoiser/Content/NNE_oidn2-3-0_rt_hdr_alb_nrm_small__dyn__fp16_opset11_ForwardAlpha.uasset" 67
"../../../Engine/Plugins/NNE/NNEDenoiser/Content/NNE_oidn2-3-0_rt_hdr_alb_nrm_small__dyn__fp16_opset11_ForwardAlpha.uexp" 68
"../../../Engine/Plugins/NNE/NNEDenoiser/Content/NNE_oidn2-3-0_rt_hdr_alb_nrm__dyn__fp16_opset11_DenoiseAlpha.uasset" 69
"../../../Engine/Plugins/NNE/NNEDenoiser/Content/NNE_oidn2-3-0_rt_hdr_alb_nrm__dyn__fp16_opset11_DenoiseAlpha.uexp" 70
"../../../Engine/Plugins/NNE/NNEDenoiser/Content/NNE_oidn2-3-0_rt_hdr_alb_nrm__dyn__fp16_opset11_ForwardAlpha.uasset" 71
"../../../Engine/Plugins/NNE/NNEDenoiser/Content/NNE_oidn2-3-0_rt_hdr_alb_nrm__dyn__fp16_opset11_ForwardAlpha.uexp" 72
"../../../Engine/Plugins/NNE/NNEDenoiser/Content/NNE_oidn2-3-0_rt_hdr_calb_cnrm_large__dyn__fp16_opset11_DenoiseAlpha.uasset" 73
"../../../Engine/Plugins/NNE/NNEDenoiser/Content/NNE_oidn2-3-0_rt_hdr_calb_cnrm_large__dyn__fp16_opset11_DenoiseAlpha.uexp" 74
"../../../Engine/Plugins/NNE/NNEDenoiser/Content/NNE_oidn2-3-0_rt_hdr_calb_cnrm_large__dyn__fp16_opset11_ForwardAlpha.uasset" 75
"../../../Engine/Plugins/NNE/NNEDenoiser/Content/NNE_oidn2-3-0_rt_hdr_calb_cnrm_large__dyn__fp16_opset11_ForwardAlpha.uexp" 76
"../../../Engine/Plugins/2D/Paper2D/Content/DefaultSpriteMaterial.uasset" 77
"../../../Engine/Plugins/2D/Paper2D/Content/DefaultSpriteMaterial.uexp" 78
"../../../Engine/Plugins/2D/Paper2D/Content/MaskedUnlitSpriteMaterial.uasset" 79
"../../../Engine/Plugins/2D/Paper2D/Content/MaskedUnlitSpriteMaterial.uexp" 80
"../../../Engine/Plugins/2D/Paper2D/Content/OpaqueUnlitSpriteMaterial.uasset" 81
"../../../Engine/Plugins/2D/Paper2D/Content/OpaqueUnlitSpriteMaterial.uexp" 82
"../../../Engine/Content/Functions/Engine_MaterialFunctions02/WorldPositionOffset/CameraOffset.uasset" 83
"../../../Engine/Content/Functions/Engine_MaterialFunctions02/WorldPositionOffset/CameraOffset.uexp" 84
"../../../Engine/Plugins/Animation/ControlRig/Content/M_Manip.uasset" 85
"../../../Engine/Plugins/Animation/ControlRig/Content/M_Manip.uexp" 86
"../../../Engine/Content/EditorLandscapeResources/DefaultAlphaTexture.uasset" 87
"../../../Engine/Content/EditorLandscapeResources/DefaultAlphaTexture.uexp" 88
"../../../Engine/Content/EditorLandscapeResources/LandscapeDirtyMaterial.uasset" 89
"../../../Engine/Content/EditorLandscapeResources/LandscapeDirtyMaterial.uexp" 90
"../../../Engine/Content/BasicShapes/BasicShapeMaterial.uasset" 91
"../../../Engine/Content/BasicShapes/BasicShapeMaterial.uexp" 92
"../../../Engine/Content/EngineMaterials/T_Default_Material_Grid_M.ubulk" 93
"../../../Engine/Content/EngineMaterials/T_Default_Material_Grid_M.uasset" 94
"../../../Engine/Content/EngineMaterials/T_Default_Material_Grid_M.uexp" 95
"../../../Engine/Content/EngineMaterials/T_Default_Material_Grid_N.ubulk" 96
"../../../Engine/Content/EngineMaterials/T_Default_Material_Grid_N.uasset" 97
"../../../Engine/Content/EngineMaterials/T_Default_Material_Grid_N.uexp" 98
"../../../Engine/Content/Functions/Engine_MaterialFunctions01/Opacity/CameraDepthFade.uasset" 99
"../../../Engine/Content/Functions/Engine_MaterialFunctions01/Opacity/CameraDepthFade.uexp" 100
"../../../Engine/Content/EngineMaterials/DefaultMaterial.uasset" 101
"../../../Engine/Content/EngineMaterials/DefaultMaterial.uexp" 102
"../../../Engine/Content/BasicShapes/Cone.ubulk" 103
"../../../Engine/Content/BasicShapes/Cone.uasset" 104
"../../../Engine/Content/BasicShapes/Cone.uexp" 105
"../../../Engine/Content/EngineMaterials/DefaultDiffuse.ubulk" 106
"../../../Engine/Content/EngineMaterials/DefaultDiffuse.uasset" 107
"../../../Engine/Content/EngineMaterials/DefaultDiffuse.uexp" 108
"../../../Engine/Content/Functions/Engine_MaterialFunctions01/Texturing/TextureCropping.uasset" 109
"../../../Engine/Content/Functions/Engine_MaterialFunctions01/Texturing/TextureCropping.uexp" 110
"../../../Engine/Content/Functions/Engine_MaterialFunctions02/ExampleContent/DebugNumberStrip.uasset" 111
"../../../Engine/Content/Functions/Engine_MaterialFunctions02/ExampleContent/DebugNumberStrip.uexp" 112
"../../../Engine/Content/Functions/Engine_MaterialFunctions01/Debug/DebugIntValues.uasset" 113
"../../../Engine/Content/Functions/Engine_MaterialFunctions01/Debug/DebugIntValues.uexp" 114
"../../../Engine/Content/Functions/Engine_MaterialFunctions02/Utility/BreakOutFloat2Components.uasset" 115
"../../../Engine/Content/Functions/Engine_MaterialFunctions02/Utility/BreakOutFloat2Components.uexp" 116
"../../../Engine/Content/Functions/Engine_MaterialFunctions01/Texturing/ScaleUVsByCenter.uasset" 117
"../../../Engine/Content/Functions/Engine_MaterialFunctions01/Texturing/ScaleUVsByCenter.uexp" 118
"../../../Engine/Content/Functions/Engine_MaterialFunctions02/WorldPositionOffset/LocalPosition.uasset" 119
"../../../Engine/Content/Functions/Engine_MaterialFunctions02/WorldPositionOffset/LocalPosition.uexp" 120
"../../../Engine/Content/EditorLandscapeResources/LandscapeLayerUsageMaterial.uasset" 121
"../../../Engine/Content/EditorLandscapeResources/LandscapeLayerUsageMaterial.uexp" 122
"../../../Engine/Content/EngineMaterials/WorldGridMaterial.uasset" 123
"../../../Engine/Content/EngineMaterials/WorldGridMaterial.uexp" 124
"../../../Engine/Content/BasicShapes/Cube.ubulk" 125
"../../../Engine/Content/BasicShapes/Cube.uasset" 126
"../../../Engine/Content/BasicShapes/Cube.uexp" 127
"../../../Engine/Content/EditorLandscapeResources/WhiteSquareTexture.uasset" 128
"../../../Engine/Content/EditorLandscapeResources/WhiteSquareTexture.uexp" 129
"../../../Engine/Content/EditorLandscapeResources/LayerVisMaterial.uasset" 130
"../../../Engine/Content/EditorLandscapeResources/LayerVisMaterial.uexp" 131
"../../../Engine/Content/BasicShapes/Cylinder.ubulk" 132
"../../../Engine/Content/BasicShapes/Cylinder.uasset" 133
"../../../Engine/Content/BasicShapes/Cylinder.uexp" 134
"../../../Engine/Content/Functions/Engine_MaterialFunctions02/Utility/MakeFloat3.uasset" 135
"../../../Engine/Content/Functions/Engine_MaterialFunctions02/Utility/MakeFloat3.uexp" 136
"../../../Engine/Content/Functions/Engine_MaterialFunctions03/Math/WithinRangeFloat2.uasset" 137
"../../../Engine/Content/Functions/Engine_MaterialFunctions03/Math/WithinRangeFloat2.uexp" 138
"../../../Engine/Content/EditorLandscapeResources/MaskBrushMaterial.uasset" 139
"../../../Engine/Content/EditorLandscapeResources/MaskBrushMaterial.uexp" 140
"../../../Engine/Content/EditorLandscapeResources/MaskBrushMaterial_MaskedRegion.uasset" 141
"../../../Engine/Content/EditorLandscapeResources/MaskBrushMaterial_MaskedRegion.uexp" 142
"../../../Engine/Content/EditorResources/S_Solver.ubulk" 143
"../../../Engine/Content/EditorResources/S_Solver.uasset" 144
"../../../Engine/Content/EditorResources/S_Solver.uexp" 145
"../../../Engine/Content/BasicShapes/Plane.ubulk" 146
"../../../Engine/Content/BasicShapes/Plane.uasset" 147
"../../../Engine/Content/BasicShapes/Plane.uexp" 148
"../../../Engine/Content/EditorResources/S_Terrain.ubulk" 149
"../../../Engine/Content/EditorResources/S_Terrain.uasset" 150
"../../../Engine/Content/EditorResources/S_Terrain.uexp" 151
"../../../Engine/Content/BasicShapes/Sphere.ubulk" 152
"../../../Engine/Content/BasicShapes/Sphere.uasset" 153
"../../../Engine/Content/BasicShapes/Sphere.uexp" 154
"../../../Engine/Content/EditorLandscapeResources/SelectBrushMaterial.uasset" 155
"../../../Engine/Content/EditorLandscapeResources/SelectBrushMaterial.uexp" 156
"../../../Engine/Content/EditorLandscapeResources/SelectBrushMaterial_Selected.uasset" 157
"../../../Engine/Content/EditorLandscapeResources/SelectBrushMaterial_Selected.uexp" 158
"../../../Engine/Content/EditorLandscapeResources/SelectBrushMaterial_SelectedRegion.uasset" 159
"../../../Engine/Content/EditorLandscapeResources/SelectBrushMaterial_SelectedRegion.uexp" 160
"../../../Engine/Content/EditorResources/S_Trigger.ubulk" 161
"../../../Engine/Content/EditorResources/S_Trigger.uasset" 162
"../../../Engine/Content/EditorResources/S_Trigger.uexp" 163
"../../../Engine/Content/EditorLandscapeResources/SplineEditorMeshMat.uasset" 164
"../../../Engine/Content/EditorLandscapeResources/SplineEditorMeshMat.uexp" 165
"../../../Engine/Content/EditorLandscapeResources/SplineEditorMesh.ubulk" 166
"../../../Engine/Content/EditorLandscapeResources/SplineEditorMesh.uasset" 167
"../../../Engine/Content/EditorLandscapeResources/SplineEditorMesh.uexp" 168
"../../../Engine/Content/EditorResources/S_TriggerBox.uasset" 169
"../../../Engine/Content/EditorResources/S_TriggerBox.uexp" 170
"../../../Engine/Content/EditorResources/S_TriggerCapsule.uasset" 171
"../../../Engine/Content/EditorResources/S_TriggerCapsule.uexp" 172
"../../../Engine/Content/EditorResources/S_TriggerSphere.uasset" 173
"../../../Engine/Content/EditorResources/S_TriggerSphere.uexp" 174
"../../../Engine/Plugins/Media/MediaPlate/Content/SM_MediaPlateScreen.ubulk" 175
"../../../Engine/Plugins/Media/MediaPlate/Content/SM_MediaPlateScreen.uasset" 176
"../../../Engine/Plugins/Media/MediaPlate/Content/SM_MediaPlateScreen.uexp" 177
"../../../Engine/Plugins/NNE/NNEDenoiser/Content/NNEDIM_ColorAlbedoNormal_Alpha.uasset" 178
"../../../Engine/Plugins/NNE/NNEDenoiser/Content/NNEDIM_ColorAlbedoNormal_Alpha.uexp" 179
"../../../Engine/Plugins/NNE/NNEDenoiser/Content/NNEDIM_ColorAlbedoNormal_Default.uasset" 180
"../../../Engine/Plugins/NNE/NNEDenoiser/Content/NNEDIM_ColorAlbedoNormal_Default.uexp" 181
"../../../Engine/Plugins/NNE/NNEDenoiser/Content/NNEDIM_HighQuality_Alpha.uasset" 182
"../../../Engine/Plugins/NNE/NNEDenoiser/Content/NNEDIM_HighQuality_Alpha.uexp" 183
"../../../Engine/Plugins/NNE/NNEDenoiser/Content/NNEDIM_HighQuality_Default.uasset" 184
"../../../Engine/Plugins/NNE/NNEDenoiser/Content/NNEDIM_HighQuality_Default.uexp" 185
"../../../Engine/Plugins/NNE/NNEDenoiser/Content/NNEDOM_Output_Alpha.uasset" 186
"../../../Engine/Plugins/NNE/NNEDenoiser/Content/NNEDOM_Output_Alpha.uexp" 187
"../../../Engine/Plugins/NNE/NNEDenoiser/Content/NNEDOM_Output_Default.uasset" 188
"../../../Engine/Plugins/NNE/NNEDenoiser/Content/NNEDOM_Output_Default.uexp" 189
"../../../Engine/Plugins/NNE/NNEDenoiser/Content/NNEDTIM_ColorAlbedoNormal_Alpha.uasset" 190
"../../../Engine/Plugins/NNE/NNEDenoiser/Content/NNEDTIM_ColorAlbedoNormal_Alpha.uexp" 191
"../../../Engine/Plugins/NNE/NNEDenoiser/Content/NNEDTIM_ColorAlbedoNormal_Default.uasset" 192
"../../../Engine/Plugins/NNE/NNEDenoiser/Content/NNEDTIM_ColorAlbedoNormal_Default.uexp" 193
"../../../Engine/Content/EngineDamageTypes/DmgTypeBP_Environmental.uasset" 194
"../../../Engine/Content/EngineDamageTypes/DmgTypeBP_Environmental.uexp" 195
"../../../Engine/Content/EngineMaterials/PhAT_JointLimitMaterial.uasset" 196
"../../../Engine/Content/EngineMaterials/PhAT_JointLimitMaterial.uexp" 197
"../../../Engine/Content/EngineDebugMaterials/DebugEditorMaterial.uasset" 198
"../../../Engine/Content/EngineDebugMaterials/DebugEditorMaterial.uexp" 199
"../../../Engine/Content/EngineDebugMaterials/DebugMeshMaterial.uasset" 200
"../../../Engine/Content/EngineDebugMaterials/DebugMeshMaterial.uexp" 201
"../../../Engine/Content/EngineMaterials/DefaultCalibrationColor.uasset" 202
"../../../Engine/Content/EngineMaterials/DefaultCalibrationColor.uexp" 203
"../../../Engine/Content/EngineMaterials/PPM_DefaultCalibrationColor.uasset" 204
"../../../Engine/Content/EngineMaterials/PPM_DefaultCalibrationColor.uexp" 205
"../../../Engine/Content/EngineMaterials/DefaultCalibrationGrayscale.uasset" 206
"../../../Engine/Content/EngineMaterials/DefaultCalibrationGrayscale.uexp" 207
"../../../Engine/Content/EngineMaterials/PPM_DefaultCalibrationGrayscale.uasset" 208
"../../../Engine/Content/EngineMaterials/PPM_DefaultCalibrationGrayscale.uexp" 209
"../../../Engine/Content/EditorMaterials/PhAT_NoCollisionMaterial.uasset" 210
"../../../Engine/Content/EditorMaterials/PhAT_NoCollisionMaterial.uexp" 211
"../../../Engine/Content/EditorLandscapeResources/ColorMaskBrushMaterial.uasset" 212
"../../../Engine/Content/EditorLandscapeResources/ColorMaskBrushMaterial.uexp" 213
"../../../Engine/Content/EditorLandscapeResources/ColorMaskBrushMaterial_MaskedRegion.uasset" 214
"../../../Engine/Content/EditorLandscapeResources/ColorMaskBrushMaterial_MaskedRegion.uexp" 215
"../../../Engine/Content/EditorMaterials/PhAT_UnselectedMaterial.uasset" 216
"../../../Engine/Content/EditorMaterials/PhAT_UnselectedMaterial.uexp" 217
"../../../Engine/Content/EditorResources/BSPVertex.uasset" 218
"../../../Engine/Content/EditorResources/BSPVertex.uexp" 219
"../../../Engine/Content/EditorMaterials/PreviewShadowIndicator.ubulk" 220
"../../../Engine/Content/EditorMaterials/PreviewShadowIndicator.uasset" 221
"../../../Engine/Content/EditorMaterials/PreviewShadowIndicator.uexp" 222
"../../../Engine/Content/EditorMaterials/PreviewShadowIndicatorMaterial.uasset" 223
"../../../Engine/Content/EditorMaterials/PreviewShadowIndicatorMaterial.uexp" 224
"../../../Engine/Plugins/Animation/ControlRig/Content/Controls/ControlRig_Star4_1mm.ubulk" 225
"../../../Engine/Plugins/Animation/ControlRig/Content/Controls/ControlRig_Star4_1mm.uasset" 226
"../../../Engine/Plugins/Animation/ControlRig/Content/Controls/ControlRig_Star4_1mm.uexp" 227
"../../../Engine/Content/EngineResources/LandscapeVisibilityLayerInfo.uasset" 228
"../../../Engine/Content/EngineResources/LandscapeVisibilityLayerInfo.uexp" 229
"../../../Engine/Content/Functions/Engine_MaterialFunctions02/SplitComponents.uasset" 230
"../../../Engine/Content/Functions/Engine_MaterialFunctions02/SplitComponents.uexp" 231
"../../../Engine/Content/Functions/Engine_MaterialFunctions02/Utility/BreakOutFloat3Components.uasset" 232
"../../../Engine/Content/Functions/Engine_MaterialFunctions02/Utility/BreakOutFloat3Components.uexp" 233
"../../../Engine/Content/Functions/Engine_MaterialFunctions02/Math/Transform3x3Matrix.uasset" 234
"../../../Engine/Content/Functions/Engine_MaterialFunctions02/Math/Transform3x3Matrix.uexp" 235
"../../../Engine/Content/VREditor/SnapGrid/SnapGridMaterial.uasset" 236
"../../../Engine/Content/VREditor/SnapGrid/SnapGridMaterial.uexp" 237
"../../../Engine/Content/VREditor/SnapGrid/SnapGridPlaneMesh.ubulk" 238
"../../../Engine/Content/VREditor/SnapGrid/SnapGridPlaneMesh.uasset" 239
"../../../Engine/Content/VREditor/SnapGrid/SnapGridPlaneMesh.uexp" 240
"../../../Engine/Content/VREditor/LaserPointer/VR_LaserPower_01.ubulk" 241
"../../../Engine/Content/VREditor/LaserPointer/VR_LaserPower_01.uasset" 242
"../../../Engine/Content/VREditor/LaserPointer/VR_LaserPower_01.uexp" 243
"../../../Engine/Content/VREditor/TransformGizmo/TransformGizmoMaterial.uasset" 244
"../../../Engine/Content/VREditor/TransformGizmo/TransformGizmoMaterial.uexp" 245
"../../../Engine/Content/VREditor/TransformGizmo/TranslucentTransformGizmoMaterial.uasset" 246
"../../../Engine/Content/VREditor/TransformGizmo/TranslucentTransformGizmoMaterial.uexp" 247
"../../../Engine/Content/VREditor/TransformGizmo/PlaneTranslationHandle.ubulk" 248
"../../../Engine/Content/VREditor/TransformGizmo/PlaneTranslationHandle.uasset" 249
"../../../Engine/Content/VREditor/TransformGizmo/PlaneTranslationHandle.uexp" 250
"../../../Engine/Content/VREditor/TransformGizmo/RotationHandleFull.ubulk" 251
"../../../Engine/Content/VREditor/TransformGizmo/RotationHandleFull.uasset" 252
"../../../Engine/Content/VREditor/TransformGizmo/RotationHandleFull.uexp" 253
"../../../Engine/Content/VREditor/TransformGizmo/RotationHandleIndicator.ubulk" 254
"../../../Engine/Content/VREditor/TransformGizmo/RotationHandleIndicator.uasset" 255
"../../../Engine/Content/VREditor/TransformGizmo/RotationHandleIndicator.uexp" 256
"../../../Engine/Content/VREditor/TransformGizmo/RotationHandleQuarter.ubulk" 257
"../../../Engine/Content/VREditor/TransformGizmo/RotationHandleQuarter.uasset" 258
"../../../Engine/Content/VREditor/TransformGizmo/RotationHandleQuarter.uexp" 259
"../../../Engine/Content/VREditor/TransformGizmo/StartRotationHandleIndicator.ubulk" 260
"../../../Engine/Content/VREditor/TransformGizmo/StartRotationHandleIndicator.uasset" 261
"../../../Engine/Content/VREditor/TransformGizmo/StartRotationHandleIndicator.uexp" 262
"../../../Engine/Content/VREditor/TransformGizmo/TranslucentTransformGizmoMaterial_Inst.uasset" 263
"../../../Engine/Content/VREditor/TransformGizmo/TranslucentTransformGizmoMaterial_Inst.uexp" 264
"../../../Engine/Content/VREditor/TransformGizmo/TransformGizmoFreeRotation.ubulk" 265
"../../../Engine/Content/VREditor/TransformGizmo/TransformGizmoFreeRotation.uasset" 266
"../../../Engine/Content/VREditor/TransformGizmo/TransformGizmoFreeRotation.uexp" 267
"../../../Engine/Content/VREditor/TransformGizmo/TransformGizmoMaterial_Inst.uasset" 268
"../../../Engine/Content/VREditor/TransformGizmo/TransformGizmoMaterial_Inst.uexp" 269
"../../../Engine/Content/VREditor/TransformGizmo/TranslateArrowHandle.ubulk" 270
"../../../Engine/Content/VREditor/TransformGizmo/TranslateArrowHandle.uasset" 271
"../../../Engine/Content/VREditor/TransformGizmo/TranslateArrowHandle.uexp" 272
"../../../Engine/Content/VREditor/TransformGizmo/UniformScaleHandle.ubulk" 273
"../../../Engine/Content/VREditor/TransformGizmo/UniformScaleHandle.uasset" 274
"../../../Engine/Content/VREditor/TransformGizmo/UniformScaleHandle.uexp" 275
"../../../Engine/Content/VREditor/Sounds/UI/Drop_Item_From_ContentBrowser.ubulk" 276
"../../../Engine/Content/VREditor/Sounds/UI/Drop_Item_From_ContentBrowser.uasset" 277
"../../../Engine/Content/VREditor/Sounds/UI/Drop_Item_From_ContentBrowser.uexp" 278
"../../../Engine/Content/VREditor/Sounds/UI/Gizmo_Handle_Clicked.ubulk" 279
"../../../Engine/Content/VREditor/Sounds/UI/Gizmo_Handle_Clicked.uasset" 280
"../../../Engine/Content/VREditor/Sounds/UI/Gizmo_Handle_Clicked.uexp" 281
"../../../Engine/Content/VREditor/Sounds/UI/Object_PickUp.ubulk" 282
"../../../Engine/Content/VREditor/Sounds/UI/Object_PickUp.uasset" 283
"../../../Engine/Content/VREditor/Sounds/UI/Object_PickUp.uexp" 284
"../../../Engine/Content/VREditor/Sounds/UI/Object_Snaps_To_Another_Actor.ubulk" 285
"../../../Engine/Content/VREditor/Sounds/UI/Object_Snaps_To_Another_Actor.uasset" 286
"../../../Engine/Content/VREditor/Sounds/UI/Object_Snaps_To_Another_Actor.uexp" 287
"../../../Engine/Content/VREditor/Sounds/UI/Object_Snaps_To_Grid.ubulk" 288
"../../../Engine/Content/VREditor/Sounds/UI/Object_Snaps_To_Grid.uasset" 289
"../../../Engine/Content/VREditor/Sounds/UI/Object_Snaps_To_Grid.uexp" 290
"../../../Engine/Content/VREditor/Sounds/UI/Scaling_Down.ubulk" 291
"../../../Engine/Content/VREditor/Sounds/UI/Scaling_Down.uasset" 292
"../../../Engine/Content/VREditor/Sounds/UI/Scaling_Down.uexp" 293
"../../../Engine/Content/VREditor/Sounds/UI/Scaling_Up.ubulk" 294
"../../../Engine/Content/VREditor/Sounds/UI/Scaling_Up.uasset" 295
"../../../Engine/Content/VREditor/Sounds/UI/Scaling_Up.uexp" 296
"../../../Engine/Content/VREditor/Sounds/UI/Selection_Changes.ubulk" 297
"../../../Engine/Content/VREditor/Sounds/UI/Selection_Changes.uasset" 298
"../../../Engine/Content/VREditor/Sounds/UI/Selection_Changes.uexp" 299
"../../../Engine/Content/EngineMaterials/PreintegratedSkinBRDF.uasset" 300
"../../../Engine/Content/EngineMaterials/PreintegratedSkinBRDF.uexp" 301
"../../../Engine/Plugins/Animation/ControlRig/Content/Controls/ControlRig_Star4_3mm.ubulk" 302
"../../../Engine/Plugins/Animation/ControlRig/Content/Controls/ControlRig_Star4_3mm.uasset" 303
"../../../Engine/Plugins/Animation/ControlRig/Content/Controls/ControlRig_Star4_3mm.uexp" 304
"../../../Engine/Plugins/Animation/ControlRig/Content/Controls/ControlRig_Star4_solid.ubulk" 305
"../../../Engine/Plugins/Animation/ControlRig/Content/Controls/ControlRig_Star4_solid.uasset" 306
"../../../Engine/Plugins/Animation/ControlRig/Content/Controls/ControlRig_Star4_solid.uexp" 307
"../../../Engine/Plugins/Animation/ControlRig/Content/Controls/ControlRigGizmoMaterial.uasset" 308
"../../../Engine/Plugins/Animation/ControlRig/Content/Controls/ControlRigGizmoMaterial.uexp" 309
"../../../Engine/Content/EngineDebugMaterials/M_SimpleUnlitTranslucent.uasset" 310
"../../../Engine/Content/EngineDebugMaterials/M_SimpleUnlitTranslucent.uexp" 311
"../../../Engine/Plugins/Animation/ControlRig/Content/Controls/ControlRigXRayMaterial.uasset" 312
"../../../Engine/Plugins/Animation/ControlRig/Content/Controls/ControlRigXRayMaterial.uexp" 313
"../../../Engine/Plugins/Animation/ControlRig/Content/Controls/ControlRig_Triangle_1mm.ubulk" 314
"../../../Engine/Plugins/Animation/ControlRig/Content/Controls/ControlRig_Triangle_1mm.uasset" 315
"../../../Engine/Plugins/Animation/ControlRig/Content/Controls/ControlRig_Triangle_1mm.uexp" 316
"../../../Engine/Content/Functions/Engine_MaterialFunctions02/Utility/CameraDirectionVector.uasset" 317
"../../../Engine/Content/Functions/Engine_MaterialFunctions02/Utility/CameraDirectionVector.uexp" 318
"../../../Engine/Content/EngineDebugMaterials/VolumeToRender.uasset" 319
"../../../Engine/Content/EngineDebugMaterials/VolumeToRender.uexp" 320
"../../../Engine/Content/EngineDebugMaterials/M_VolumeRenderSphereTracePP.uasset" 321
"../../../Engine/Content/EngineDebugMaterials/M_VolumeRenderSphereTracePP.uexp" 322
"../../../Engine/Plugins/Animation/ControlRig/Content/Controls/ControlRig_Arrow2_1mm.ubulk" 323
"../../../Engine/Plugins/Animation/ControlRig/Content/Controls/ControlRig_Arrow2_1mm.uasset" 324
"../../../Engine/Plugins/Animation/ControlRig/Content/Controls/ControlRig_Arrow2_1mm.uexp" 325
"../../../Engine/Plugins/Animation/ControlRig/Content/Controls/ControlRig_Triangle_3mm.ubulk" 326
"../../../Engine/Plugins/Animation/ControlRig/Content/Controls/ControlRig_Triangle_3mm.uasset" 327
"../../../Engine/Plugins/Animation/ControlRig/Content/Controls/ControlRig_Triangle_3mm.uexp" 328
"../../../Engine/Plugins/Animation/ControlRig/Content/Controls/ControlRig_Arrow2_3mm.ubulk" 329
"../../../Engine/Plugins/Animation/ControlRig/Content/Controls/ControlRig_Arrow2_3mm.uasset" 330
"../../../Engine/Plugins/Animation/ControlRig/Content/Controls/ControlRig_Arrow2_3mm.uexp" 331
"../../../Engine/Content/EngineMaterials/RemoveSurfaceMaterial.uasset" 332
"../../../Engine/Content/EngineMaterials/RemoveSurfaceMaterial.uexp" 333
"../../../Engine/Content/EditorResources/S_Actor.ubulk" 334
"../../../Engine/Content/EditorResources/S_Actor.uasset" 335
"../../../Engine/Content/EditorResources/S_Actor.uexp" 336
"../../../Engine/Plugins/Animation/ControlRig/Content/Controls/ControlRig_Triangle_solid.ubulk" 337
"../../../Engine/Plugins/Animation/ControlRig/Content/Controls/ControlRig_Triangle_solid.uasset" 338
"../../../Engine/Plugins/Animation/ControlRig/Content/Controls/ControlRig_Triangle_solid.uexp" 339
"../../../Engine/Plugins/Animation/ControlRig/Content/Controls/ControlRig_Arrow2_solid.ubulk" 340
"../../../Engine/Plugins/Animation/ControlRig/Content/Controls/ControlRig_Arrow2_solid.uasset" 341
"../../../Engine/Plugins/Animation/ControlRig/Content/Controls/ControlRig_Arrow2_solid.uexp" 342
"../../../Engine/Plugins/Animation/ControlRig/Content/Controls/ControlRig_Arrow4_1mm.ubulk" 343
"../../../Engine/Plugins/Animation/ControlRig/Content/Controls/ControlRig_Arrow4_1mm.uasset" 344
"../../../Engine/Plugins/Animation/ControlRig/Content/Controls/ControlRig_Arrow4_1mm.uexp" 345
"../../../Engine/Plugins/Animation/ControlRig/Content/Controls/ControlRig_Wedge_1mm.ubulk" 346
"../../../Engine/Plugins/Animation/ControlRig/Content/Controls/ControlRig_Wedge_1mm.uasset" 347
"../../../Engine/Plugins/Animation/ControlRig/Content/Controls/ControlRig_Wedge_1mm.uexp" 348
"../../../Engine/Content/EditorResources/S_BoxReflectionCapture.uasset" 349
"../../../Engine/Content/EditorResources/S_BoxReflectionCapture.uexp" 350
"../../../Engine/Plugins/Animation/ControlRig/Content/Controls/ControlRig_Arrow4_3mm.ubulk" 351
"../../../Engine/Plugins/Animation/ControlRig/Content/Controls/ControlRig_Arrow4_3mm.uasset" 352
"../../../Engine/Plugins/Animation/ControlRig/Content/Controls/ControlRig_Arrow4_3mm.uexp" 353
"../../../Engine/Content/EngineMaterials/SMAAAreaTex.uasset" 354
"../../../Engine/Content/EngineMaterials/SMAAAreaTex.uexp" 355
"../../../Engine/Plugins/Animation/ControlRig/Content/Controls/ControlRig_Arrow4_solid.ubulk" 356
"../../../Engine/Plugins/Animation/ControlRig/Content/Controls/ControlRig_Arrow4_solid.uasset" 357
"../../../Engine/Plugins/Animation/ControlRig/Content/Controls/ControlRig_Arrow4_solid.uexp" 358
"../../../Engine/Plugins/Animation/ControlRig/Content/Controls/ControlRig_Arrow_1mm.ubulk" 359
"../../../Engine/Plugins/Animation/ControlRig/Content/Controls/ControlRig_Arrow_1mm.uasset" 360
"../../../Engine/Plugins/Animation/ControlRig/Content/Controls/ControlRig_Arrow_1mm.uexp" 361
"../../../Engine/Content/EngineMaterials/SMAASearchTex.uasset" 362
"../../../Engine/Content/EngineMaterials/SMAASearchTex.uexp" 363
"../../../Engine/Plugins/Animation/ControlRig/Content/Controls/ControlRig_Wedge_3mm.ubulk" 364
"../../../Engine/Plugins/Animation/ControlRig/Content/Controls/ControlRig_Wedge_3mm.uasset" 365
"../../../Engine/Plugins/Animation/ControlRig/Content/Controls/ControlRig_Wedge_3mm.uexp" 366
"../../../Engine/Plugins/Animation/ControlRig/Content/Controls/ControlRig_Arrow_3mm.ubulk" 367
"../../../Engine/Plugins/Animation/ControlRig/Content/Controls/ControlRig_Arrow_3mm.uasset" 368
"../../../Engine/Plugins/Animation/ControlRig/Content/Controls/ControlRig_Arrow_3mm.uexp" 369
"../../../Engine/Plugins/Animation/ControlRig/Content/Controls/ControlRig_Wedge_solid.ubulk" 370
"../../../Engine/Plugins/Animation/ControlRig/Content/Controls/ControlRig_Wedge_solid.uasset" 371
"../../../Engine/Plugins/Animation/ControlRig/Content/Controls/ControlRig_Wedge_solid.uexp" 372
"../../../Engine/Plugins/Animation/ControlRig/Content/Controls/ControlRig_Arrow_solid.ubulk" 373
"../../../Engine/Plugins/Animation/ControlRig/Content/Controls/ControlRig_Arrow_solid.uasset" 374
"../../../Engine/Plugins/Animation/ControlRig/Content/Controls/ControlRig_Arrow_solid.uexp" 375
"../../../Engine/Plugins/Animation/ControlRig/Content/Controls/ControlRig_Box_1mm.ubulk" 376
"../../../Engine/Plugins/Animation/ControlRig/Content/Controls/ControlRig_Box_1mm.uasset" 377
"../../../Engine/Plugins/Animation/ControlRig/Content/Controls/ControlRig_Box_1mm.uexp" 378
"../../../Engine/Plugins/Animation/ControlRig/Content/Controls/ControlRig_Box_3mm.ubulk" 379
"../../../Engine/Plugins/Animation/ControlRig/Content/Controls/ControlRig_Box_3mm.uasset" 380
"../../../Engine/Plugins/Animation/ControlRig/Content/Controls/ControlRig_Box_3mm.uexp" 381
"../../../Engine/Plugins/Animation/ControlRig/Content/Controls/ControlRig_Box_solid.ubulk" 382
"../../../Engine/Plugins/Animation/ControlRig/Content/Controls/ControlRig_Box_solid.uasset" 383
"../../../Engine/Plugins/Animation/ControlRig/Content/Controls/ControlRig_Box_solid.uexp" 384
"../../../Engine/Plugins/Animation/ControlRig/Content/Controls/ControlRig_Circle_1mm.ubulk" 385
"../../../Engine/Plugins/Animation/ControlRig/Content/Controls/ControlRig_Circle_1mm.uasset" 386
"../../../Engine/Plugins/Animation/ControlRig/Content/Controls/ControlRig_Circle_1mm.uexp" 387
"../../../Engine/Plugins/Animation/ControlRig/Content/Controls/ControlRig_Circle_3mm.ubulk" 388
"../../../Engine/Plugins/Animation/ControlRig/Content/Controls/ControlRig_Circle_3mm.uasset" 389
"../../../Engine/Plugins/Animation/ControlRig/Content/Controls/ControlRig_Circle_3mm.uexp" 390
"../../../Engine/Plugins/Animation/ControlRig/Content/Controls/ControlRig_Circle_solid.ubulk" 391
"../../../Engine/Plugins/Animation/ControlRig/Content/Controls/ControlRig_Circle_solid.uasset" 392
"../../../Engine/Plugins/Animation/ControlRig/Content/Controls/ControlRig_Circle_solid.uexp" 393
"../../../Engine/Plugins/Animation/ControlRig/Content/Controls/ControlRig_Diamond_1mm.ubulk" 394
"../../../Engine/Plugins/Animation/ControlRig/Content/Controls/ControlRig_Diamond_1mm.uasset" 395
"../../../Engine/Plugins/Animation/ControlRig/Content/Controls/ControlRig_Diamond_1mm.uexp" 396
"../../../Engine/Content/Functions/Engine_MaterialFunctions02/Utility/VectorLength.uasset" 397
"../../../Engine/Content/Functions/Engine_MaterialFunctions02/Utility/VectorLength.uexp" 398
"../../../Engine/Plugins/Experimental/MeshModelingToolsetExp/Content/Materials/GetDisplacementVectorForDepthBias.uasset" 399
"../../../Engine/Plugins/Experimental/MeshModelingToolsetExp/Content/Materials/GetDisplacementVectorForDepthBias.uexp" 400
"../../../Engine/Content/Functions/Engine_MaterialFunctions03/Viewport/MF_OrthoWidth.uasset" 401
"../../../Engine/Content/Functions/Engine_MaterialFunctions03/Viewport/MF_OrthoWidth.uexp" 402
"../../../Engine/Content/Functions/Engine_MaterialFunctions02/Utility/FOV.uasset" 403
"../../../Engine/Content/Functions/Engine_MaterialFunctions02/Utility/FOV.uexp" 404
"../../../Engine/Content/Functions/Engine_MaterialFunctions02/WorldPositionOffset/V2/ObjectScale.uasset" 405
"../../../Engine/Content/Functions/Engine_MaterialFunctions02/WorldPositionOffset/V2/ObjectScale.uexp" 406
"../../../Engine/Plugins/Experimental/MeshModelingToolsetExp/Content/Materials/PointSetOverlaidComponentMaterial.uasset" 407
"../../../Engine/Plugins/Experimental/MeshModelingToolsetExp/Content/Materials/PointSetOverlaidComponentMaterial.uexp" 408
"../../../Engine/Plugins/Animation/ControlRig/Content/Controls/ControlRig_Diamond_3mm.ubulk" 409
"../../../Engine/Plugins/Animation/ControlRig/Content/Controls/ControlRig_Diamond_3mm.uasset" 410
"../../../Engine/Plugins/Animation/ControlRig/Content/Controls/ControlRig_Diamond_3mm.uexp" 411
"../../../Engine/Plugins/Animation/ControlRig/Content/Controls/ControlRig_Diamond_solid.ubulk" 412
"../../../Engine/Plugins/Animation/ControlRig/Content/Controls/ControlRig_Diamond_solid.uasset" 413
"../../../Engine/Plugins/Animation/ControlRig/Content/Controls/ControlRig_Diamond_solid.uexp" 414
"../../../Engine/Plugins/Animation/ControlRig/Content/Controls/ControlRig_HalfCircle_1mm.ubulk" 415
"../../../Engine/Plugins/Animation/ControlRig/Content/Controls/ControlRig_HalfCircle_1mm.uasset" 416
"../../../Engine/Plugins/Animation/ControlRig/Content/Controls/ControlRig_HalfCircle_1mm.uexp" 417
"../../../Engine/Plugins/Animation/ControlRig/Content/Controls/ControlRig_HalfCircle_3mm.ubulk" 418
"../../../Engine/Plugins/Animation/ControlRig/Content/Controls/ControlRig_HalfCircle_3mm.uasset" 419
"../../../Engine/Plugins/Animation/ControlRig/Content/Controls/ControlRig_HalfCircle_3mm.uexp" 420
"../../../Engine/Plugins/Animation/ControlRig/Content/Controls/ControlRig_HalfCircle_solid.ubulk" 421
"../../../Engine/Plugins/Animation/ControlRig/Content/Controls/ControlRig_HalfCircle_solid.uasset" 422
"../../../Engine/Plugins/Animation/ControlRig/Content/Controls/ControlRig_HalfCircle_solid.uexp" 423
"../../../Engine/Plugins/Animation/ControlRig/Content/Controls/ControlRig_Hexagon_1mm.ubulk" 424
"../../../Engine/Plugins/Animation/ControlRig/Content/Controls/ControlRig_Hexagon_1mm.uasset" 425
"../../../Engine/Plugins/Animation/ControlRig/Content/Controls/ControlRig_Hexagon_1mm.uexp" 426
"../../../Engine/Plugins/Animation/ControlRig/Content/Controls/ControlRig_Hexagon_3mm.ubulk" 427
"../../../Engine/Plugins/Animation/ControlRig/Content/Controls/ControlRig_Hexagon_3mm.uasset" 428
"../../../Engine/Plugins/Animation/ControlRig/Content/Controls/ControlRig_Hexagon_3mm.uexp" 429
"../../../Engine/Plugins/Animation/ControlRig/Content/Controls/ControlRig_Hexagon_solid.ubulk" 430
"../../../Engine/Plugins/Animation/ControlRig/Content/Controls/ControlRig_Hexagon_solid.uasset" 431
"../../../Engine/Plugins/Animation/ControlRig/Content/Controls/ControlRig_Hexagon_solid.uexp" 432
"../../../Engine/Content/EngineMaterials/WeightMapPlaceholderTexture.uasset" 433
"../../../Engine/Content/EngineMaterials/WeightMapPlaceholderTexture.uexp" 434
"../../../Engine/Content/EngineMaterials/WeightMapArrayPlaceholderTexture.uasset" 435
"../../../Engine/Content/EngineMaterials/WeightMapArrayPlaceholderTexture.uexp" 436
"../../../Engine/Plugins/Animation/ControlRig/Content/Controls/ControlRig_Octagon_1mm.ubulk" 437
"../../../Engine/Plugins/Animation/ControlRig/Content/Controls/ControlRig_Octagon_1mm.uasset" 438
"../../../Engine/Plugins/Animation/ControlRig/Content/Controls/ControlRig_Octagon_1mm.uexp" 439
"../../../Engine/Plugins/Animation/ControlRig/Content/Controls/ControlRig_Octagon_3mm.ubulk" 440
"../../../Engine/Plugins/Animation/ControlRig/Content/Controls/ControlRig_Octagon_3mm.uasset" 441
"../../../Engine/Plugins/Animation/ControlRig/Content/Controls/ControlRig_Octagon_3mm.uexp" 442
"../../../Engine/Plugins/Animation/ControlRig/Content/Controls/ControlRig_Octagon_solid.ubulk" 443
"../../../Engine/Plugins/Animation/ControlRig/Content/Controls/ControlRig_Octagon_solid.uasset" 444
"../../../Engine/Plugins/Animation/ControlRig/Content/Controls/ControlRig_Octagon_solid.uexp" 445
"../../../Engine/Content/EngineResources/WhiteSquareTexture.uasset" 446
"../../../Engine/Content/EngineResources/WhiteSquareTexture.uexp" 447
"../../../Engine/Content/EngineMaterials/Widget3DPassThrough.uasset" 448
"../../../Engine/Content/EngineMaterials/Widget3DPassThrough.uexp" 449
"../../../Engine/Content/EngineMaterials/Widget3DPassThrough_Masked.uasset" 450
"../../../Engine/Content/EngineMaterials/Widget3DPassThrough_Masked.uexp" 451
"../../../Engine/Content/EngineMaterials/Widget3DPassThrough_Opaque.uasset" 452
"../../../Engine/Content/EngineMaterials/Widget3DPassThrough_Opaque.uexp" 453
"../../../Engine/Content/EngineMaterials/Widget3DPassThrough_Masked_OneSided.uasset" 454
"../../../Engine/Content/EngineMaterials/Widget3DPassThrough_Masked_OneSided.uexp" 455
"../../../Engine/Content/EngineMaterials/DefaultBloomKernel.uasset" 456
"../../../Engine/Content/EngineMaterials/DefaultBloomKernel.uexp" 457
"../../../Engine/Plugins/Animation/ControlRig/Content/Controls/ControlRig_Pyramid_1mm.ubulk" 458
"../../../Engine/Plugins/Animation/ControlRig/Content/Controls/ControlRig_Pyramid_1mm.uasset" 459
"../../../Engine/Plugins/Animation/ControlRig/Content/Controls/ControlRig_Pyramid_1mm.uexp" 460
"../../../Engine/Plugins/Animation/ControlRig/Content/Controls/ControlRig_Pyramid_3mm.ubulk" 461
"../../../Engine/Plugins/Animation/ControlRig/Content/Controls/ControlRig_Pyramid_3mm.uasset" 462
"../../../Engine/Plugins/Animation/ControlRig/Content/Controls/ControlRig_Pyramid_3mm.uexp" 463
"../../../Engine/Content/EngineMaterials/DefaultBokeh.uasset" 464
"../../../Engine/Content/EngineMaterials/DefaultBokeh.uexp" 465
"../../../Engine/Content/EngineMaterials/Widget3DPassThrough_Opaque_OneSided.uasset" 466
"../../../Engine/Content/EngineMaterials/Widget3DPassThrough_Opaque_OneSided.uexp" 467
"../../../Engine/Plugins/Animation/ControlRig/Content/Controls/ControlRig_Pyramid_solid.ubulk" 468
"../../../Engine/Plugins/Animation/ControlRig/Content/Controls/ControlRig_Pyramid_solid.uasset" 469
"../../../Engine/Plugins/Animation/ControlRig/Content/Controls/ControlRig_Pyramid_solid.uexp" 470
"../../../Engine/Plugins/Animation/ControlRig/Content/Controls/ControlRig_QuarterCircle_1mm.ubulk" 471
"../../../Engine/Plugins/Animation/ControlRig/Content/Controls/ControlRig_QuarterCircle_1mm.uasset" 472
"../../../Engine/Plugins/Animation/ControlRig/Content/Controls/ControlRig_QuarterCircle_1mm.uexp" 473
"../../../Engine/Content/EngineMaterials/Widget3DPassThrough_Translucent.uasset" 474
"../../../Engine/Content/EngineMaterials/Widget3DPassThrough_Translucent.uexp" 475
"../../../Engine/Content/EngineMaterials/Widget3DPassThrough_Translucent_OneSided.uasset" 476
"../../../Engine/Content/EngineMaterials/Widget3DPassThrough_Translucent_OneSided.uexp" 477
"../../../Engine/Plugins/Animation/ControlRig/Content/Controls/ControlRig_QuarterCircle_3mm.ubulk" 478
"../../../Engine/Plugins/Animation/ControlRig/Content/Controls/ControlRig_QuarterCircle_3mm.uasset" 479
"../../../Engine/Plugins/Animation/ControlRig/Content/Controls/ControlRig_QuarterCircle_3mm.uexp" 480
"../../../Engine/Plugins/Animation/ControlRig/Content/Controls/ControlRig_QuarterCircle_solid.ubulk" 481
"../../../Engine/Plugins/Animation/ControlRig/Content/Controls/ControlRig_QuarterCircle_solid.uasset" 482
"../../../Engine/Plugins/Animation/ControlRig/Content/Controls/ControlRig_QuarterCircle_solid.uexp" 483
"../../../Engine/Plugins/Animation/ControlRig/Content/Controls/ControlRig_RoundedSquare_1mm.ubulk" 484
"../../../Engine/Plugins/Animation/ControlRig/Content/Controls/ControlRig_RoundedSquare_1mm.uasset" 485
"../../../Engine/Plugins/Animation/ControlRig/Content/Controls/ControlRig_RoundedSquare_1mm.uexp" 486
"../../../Engine/Plugins/Animation/ControlRig/Content/Controls/ControlRig_RoundedSquare_3mm.ubulk" 487
"../../../Engine/Plugins/Animation/ControlRig/Content/Controls/ControlRig_RoundedSquare_3mm.uasset" 488
"../../../Engine/Plugins/Animation/ControlRig/Content/Controls/ControlRig_RoundedSquare_3mm.uexp" 489
"../../../Engine/Plugins/Animation/ControlRig/Content/Controls/ControlRig_RoundedSquare_solid.ubulk" 490
"../../../Engine/Plugins/Animation/ControlRig/Content/Controls/ControlRig_RoundedSquare_solid.uasset" 491
"../../../Engine/Plugins/Animation/ControlRig/Content/Controls/ControlRig_RoundedSquare_solid.uexp" 492
"../../../Engine/Content/EngineMaterials/DefaultDeferredDecalMaterial.uasset" 493
"../../../Engine/Content/EngineMaterials/DefaultDeferredDecalMaterial.uexp" 494
"../../../Engine/Plugins/Animation/ControlRig/Content/Controls/ControlRig_RoundedTriangle_1mm.ubulk" 495
"../../../Engine/Plugins/Animation/ControlRig/Content/Controls/ControlRig_RoundedTriangle_1mm.uasset" 496
"../../../Engine/Plugins/Animation/ControlRig/Content/Controls/ControlRig_RoundedTriangle_1mm.uexp" 497
"../../../Engine/Plugins/Animation/ControlRig/Content/Controls/ControlRig_RoundedTriangle_3mm.ubulk" 498
"../../../Engine/Plugins/Animation/ControlRig/Content/Controls/ControlRig_RoundedTriangle_3mm.uasset" 499
"../../../Engine/Plugins/Animation/ControlRig/Content/Controls/ControlRig_RoundedTriangle_3mm.uexp" 500
"../../../Engine/Plugins/Animation/ControlRig/Content/Controls/ControlRig_RoundedTriangle_solid.ubulk" 501
"../../../Engine/Plugins/Animation/ControlRig/Content/Controls/ControlRig_RoundedTriangle_solid.uasset" 502
"../../../Engine/Plugins/Animation/ControlRig/Content/Controls/ControlRig_RoundedTriangle_solid.uexp" 503
"../../../Engine/Plugins/Animation/ControlRig/Content/Controls/ControlRig_Sphere_1mm.ubulk" 504
"../../../Engine/Plugins/Animation/ControlRig/Content/Controls/ControlRig_Sphere_1mm.uasset" 505
"../../../Engine/Plugins/Animation/ControlRig/Content/Controls/ControlRig_Sphere_1mm.uexp" 506
"../../../Engine/Content/EngineMaterials/DefaultLightFunctionMaterial.uasset" 507
"../../../Engine/Content/EngineMaterials/DefaultLightFunctionMaterial.uexp" 508
"../../../Engine/Plugins/Animation/ControlRig/Content/Controls/ControlRig_Sphere_3mm.ubulk" 509
"../../../Engine/Plugins/Animation/ControlRig/Content/Controls/ControlRig_Sphere_3mm.uasset" 510
"../../../Engine/Plugins/Animation/ControlRig/Content/Controls/ControlRig_Sphere_3mm.uexp" 511
"../../../Engine/Plugins/Animation/ControlRig/Content/Controls/ControlRig_Sphere_solid.ubulk" 512
"../../../Engine/Plugins/Animation/ControlRig/Content/Controls/ControlRig_Sphere_solid.uasset" 513
"../../../Engine/Plugins/Animation/ControlRig/Content/Controls/ControlRig_Sphere_solid.uexp" 514
"../../../Engine/Plugins/Animation/ControlRig/Content/Controls/ControlRig_Square_1mm.ubulk" 515
"../../../Engine/Plugins/Animation/ControlRig/Content/Controls/ControlRig_Square_1mm.uasset" 516
"../../../Engine/Plugins/Animation/ControlRig/Content/Controls/ControlRig_Square_1mm.uexp" 517
"../../../Engine/Plugins/Animation/ControlRig/Content/Controls/ControlRig_Square_3mm.ubulk" 518
"../../../Engine/Plugins/Animation/ControlRig/Content/Controls/ControlRig_Square_3mm.uasset" 519
"../../../Engine/Plugins/Animation/ControlRig/Content/Controls/ControlRig_Square_3mm.uexp" 520
"../../../Engine/Content/EngineMaterials/DefaultPostProcessMaterial.uasset" 521
"../../../Engine/Content/EngineMaterials/DefaultPostProcessMaterial.uexp" 522
"../../../Engine/Plugins/Animation/ControlRig/Content/Controls/ControlRig_Square_solid.ubulk" 523
"../../../Engine/Plugins/Animation/ControlRig/Content/Controls/ControlRig_Square_solid.uasset" 524
"../../../Engine/Plugins/Animation/ControlRig/Content/Controls/ControlRig_Square_solid.uexp" 525
"../../../Engine/Content/EngineFonts/RobotoDistanceField.uasset" 526
"../../../Engine/Content/EngineFonts/RobotoDistanceField.uexp" 527
"../../../Engine/Content/EngineMaterials/DefaultTextMaterialOpaque.uasset" 528
"../../../Engine/Content/EngineMaterials/DefaultTextMaterialOpaque.uexp" 529
"../../../Engine/Content/EngineMeshes/Sphere.ubulk" 530
"../../../Engine/Content/EngineMeshes/Sphere.uasset" 531
"../../../Engine/Content/EngineMeshes/Sphere.uexp" 532
"../../../Engine/Content/EngineMaterials/DefaultWhiteGrid.ubulk" 533
"../../../Engine/Content/EngineMaterials/DefaultWhiteGrid.uasset" 534
"../../../Engine/Content/EngineMaterials/DefaultWhiteGrid.uexp" 535
"../../../Engine/Content/EngineMaterials/DefaultWhiteGrid_Low.uasset" 536
"../../../Engine/Content/EngineMaterials/DefaultWhiteGrid_Low.uexp" 537
"../../../Engine/Content/EngineMaterials/EmissiveMeshMaterial.uasset" 538
"../../../Engine/Content/EngineMaterials/EmissiveMeshMaterial.uexp" 539
"../../../Engine/Content/EngineMaterials/FastBlueNoise_scalar_128x128x64.uasset" 540
"../../../Engine/Content/EngineMaterials/FastBlueNoise_scalar_128x128x64.uexp" 541
"../../../Engine/Plugins/Interchange/Assets/Content/Functions/MX_AbsorptionVDF.uasset" 542
"../../../Engine/Plugins/Interchange/Assets/Content/Functions/MX_AbsorptionVDF.uexp" 543
"../../../Engine/Content/EngineMaterials/FastBlueNoise_scalar_128x128x8.uasset" 544
"../../../Engine/Content/EngineMaterials/FastBlueNoise_scalar_128x128x8.uexp" 545
"../../../Engine/Plugins/Interchange/Assets/Content/Functions/MX_AnisotropicVDF.uasset" 546
"../../../Engine/Plugins/Interchange/Assets/Content/Functions/MX_AnisotropicVDF.uexp" 547
"../../../Engine/Content/EngineResources/Black.uasset" 548
"../../../Engine/Content/EngineResources/Black.uexp" 549
"../../../Engine/Content/EngineMaterials/FastBlueNoise_vec2_128x128x64.uasset" 550
"../../../Engine/Content/EngineMaterials/FastBlueNoise_vec2_128x128x64.uexp" 551
"../../../Engine/Plugins/Interchange/Assets/Content/Functions/MX_BurleyDiffuseBSDF.uasset" 552
"../../../Engine/Plugins/Interchange/Assets/Content/Functions/MX_BurleyDiffuseBSDF.uexp" 553
"../../../Engine/Content/EngineMaterials/BaseFlattenDiffuseMap.uasset" 554
"../../../Engine/Content/EngineMaterials/BaseFlattenDiffuseMap.uexp" 555
"../../../Engine/Content/EngineMaterials/BaseFlattenEmissiveMap.uasset" 556
"../../../Engine/Content/EngineMaterials/BaseFlattenEmissiveMap.uexp" 557
"../../../Engine/Content/EngineMaterials/BaseFlattenGrayscaleMap.uasset" 558
"../../../Engine/Content/EngineMaterials/BaseFlattenGrayscaleMap.uexp" 559
"../../../Engine/Content/EngineMaterials/BaseFlattenLinearColor.uasset" 560
"../../../Engine/Content/EngineMaterials/BaseFlattenLinearColor.uexp" 561
"../../../Engine/Content/EngineMaterials/BaseFlattenNormalMap.uasset" 562
"../../../Engine/Content/EngineMaterials/BaseFlattenNormalMap.uexp" 563
"../../../Engine/Content/Functions/Engine_MaterialFunctions02/PivotPainter2/Black_1x1_EXR_Texture.uasset" 564
"../../../Engine/Content/Functions/Engine_MaterialFunctions02/PivotPainter2/Black_1x1_EXR_Texture.uexp" 565
"../../../Engine/Content/EngineMaterials/FlattenMaterial.uasset" 566
"../../../Engine/Content/EngineMaterials/FlattenMaterial.uexp" 567
"../../../Engine/Plugins/Interchange/Assets/Content/Functions/MX_ChiangHairBSDF.uasset" 568
"../../../Engine/Plugins/Interchange/Assets/Content/Functions/MX_ChiangHairBSDF.uexp" 569
"../../../Engine/Content/EngineMaterials/BaseFlattenDiffuseMap_VT.ubulk" 570
"../../../Engine/Content/EngineMaterials/BaseFlattenDiffuseMap_VT.uasset" 571
"../../../Engine/Content/EngineMaterials/BaseFlattenDiffuseMap_VT.uexp" 572
"../../../Engine/Content/EngineMaterials/BaseFlattenEmissiveMap_VT.ubulk" 573
"../../../Engine/Content/EngineMaterials/BaseFlattenEmissiveMap_VT.uasset" 574
"../../../Engine/Content/EngineMaterials/BaseFlattenEmissiveMap_VT.uexp" 575
"../../../Engine/Content/EngineMaterials/BaseFlattenGrayscaleMap_VT.ubulk" 576
"../../../Engine/Content/EngineMaterials/BaseFlattenGrayscaleMap_VT.uasset" 577
"../../../Engine/Content/EngineMaterials/BaseFlattenGrayscaleMap_VT.uexp" 578
"../../../Engine/Content/EngineMaterials/BaseFlattenLinearColor_VT.ubulk" 579
"../../../Engine/Content/EngineMaterials/BaseFlattenLinearColor_VT.uasset" 580
"../../../Engine/Content/EngineMaterials/BaseFlattenLinearColor_VT.uexp" 581
"../../../Engine/Content/EngineMaterials/BaseFlattenNormalMap_VT.ubulk" 582
"../../../Engine/Content/EngineMaterials/BaseFlattenNormalMap_VT.uasset" 583
"../../../Engine/Content/EngineMaterials/BaseFlattenNormalMap_VT.uexp" 584
"../../../Engine/Content/EngineMaterials/Black_1x1_EXR_Texture_VT.ubulk" 585
"../../../Engine/Content/EngineMaterials/Black_1x1_EXR_Texture_VT.uasset" 586
"../../../Engine/Content/EngineMaterials/Black_1x1_EXR_Texture_VT.uexp" 587
"../../../Engine/Content/EngineMaterials/FlattenMaterial_VT.uasset" 588
"../../../Engine/Content/EngineMaterials/FlattenMaterial_VT.uexp" 589
"../../../Engine/Content/EngineMaterials/FlattenMaterial_WS_Normal_VT.uasset" 590
"../../../Engine/Content/EngineMaterials/FlattenMaterial_WS_Normal_VT.uexp" 591
"../../../Engine/Content/EngineResources/DefaultTextureCube.uasset" 592
"../../../Engine/Content/EngineResources/DefaultTextureCube.uexp" 593
"../../../Engine/Plugins/Interchange/Assets/Content/Functions/MX_ConductorBSDF.uasset" 594
"../../../Engine/Plugins/Interchange/Assets/Content/Functions/MX_ConductorBSDF.uexp" 595
"../../../Engine/Content/EngineMaterials/GizmoMaterial.uasset" 596
"../../../Engine/Content/EngineMaterials/GizmoMaterial.uexp" 597
"../../../Engine/Plugins/Interchange/Assets/Content/Functions/MX_ConicalEDF.uasset" 598
"../../../Engine/Plugins/Interchange/Assets/Content/Functions/MX_ConicalEDF.uexp" 599
"../../../Engine/Plugins/Interchange/Assets/Content/Functions/MX_DielectricBSDF.uasset" 600
"../../../Engine/Plugins/Interchange/Assets/Content/Functions/MX_DielectricBSDF.uexp" 601
"../../../Engine/Content/Functions/Engine_MaterialFunctions02/Utility/BlendAngleCorrectedNormals.uasset" 602
"../../../Engine/Content/Functions/Engine_MaterialFunctions02/Utility/BlendAngleCorrectedNormals.uexp" 603
"../../../Engine/Plugins/Interchange/Assets/Content/Functions/MX_Displacement.uasset" 604
"../../../Engine/Plugins/Interchange/Assets/Content/Functions/MX_Displacement.uexp" 605
"../../../Engine/Content/EngineResources/DefaultVolumeTexture2D.uasset" 606
"../../../Engine/Content/EngineResources/DefaultVolumeTexture2D.uexp" 607
"../../../Engine/Content/EngineResources/DefaultVolumeTexture.uasset" 608
"../../../Engine/Content/EngineResources/DefaultVolumeTexture.uexp" 609
"../../../Engine/Plugins/Interchange/Assets/Content/Functions/MX_GeneralizedSchlickBSDF.uasset" 610
"../../../Engine/Plugins/Interchange/Assets/Content/Functions/MX_GeneralizedSchlickBSDF.uexp" 611
"../../../Engine/Content/EngineResources/GradientTexture0.uasset" 612
"../../../Engine/Content/EngineResources/GradientTexture0.uexp" 613
"../../../Engine/Plugins/Interchange/Assets/Content/Functions/MX_MeasuredEDF.uasset" 614
"../../../Engine/Plugins/Interchange/Assets/Content/Functions/MX_MeasuredEDF.uexp" 615
"../../../Engine/Plugins/Interchange/Assets/Content/Functions/MF_IridescenceNoLUT.uasset" 616
"../../../Engine/Plugins/Interchange/Assets/Content/Functions/MF_IridescenceNoLUT.uexp" 617
"../../../Engine/Plugins/Interchange/Assets/Content/Functions/MX_StandardSurface.uasset" 618
"../../../Engine/Plugins/Interchange/Assets/Content/Functions/MX_StandardSurface.uexp" 619
"../../../Engine/Plugins/Interchange/Assets/Content/Functions/MX_OpenPBR_Opaque.uasset" 620
"../../../Engine/Plugins/Interchange/Assets/Content/Functions/MX_OpenPBR_Opaque.uexp" 621
"../../../Engine/Content/EngineMaterials/EnergyConservation/GGX_TransmissionEnergyArray.uasset" 622
"../../../Engine/Content/EngineMaterials/EnergyConservation/GGX_TransmissionEnergyArray.uexp" 623
"../../../Engine/Plugins/Interchange/Assets/Content/Functions/MX_TransmissionSurface.uasset" 624
"../../../Engine/Plugins/Interchange/Assets/Content/Functions/MX_TransmissionSurface.uexp" 625
"../../../Engine/Plugins/Interchange/Assets/Content/Functions/MX_OpenPBR_Translucent.uasset" 626
"../../../Engine/Plugins/Interchange/Assets/Content/Functions/MX_OpenPBR_Translucent.uexp" 627
"../../../Engine/Plugins/Interchange/Assets/Content/Substrate/MX_SimpleVolume.uasset" 628
"../../../Engine/Plugins/Interchange/Assets/Content/Substrate/MX_SimpleVolume.uexp" 629
"../../../Engine/Plugins/Runtime/HairStrands/Content/Materials/HairCardsDefaultMaterial.uasset" 630
"../../../Engine/Plugins/Runtime/HairStrands/Content/Materials/HairCardsDefaultMaterial.uexp" 631
"../../../Engine/Content/EngineMaterials/EnergyConservation/SheenLegacy_Energy.uasset" 632
"../../../Engine/Content/EngineMaterials/EnergyConservation/SheenLegacy_Energy.uexp" 633
"../../../Engine/Content/Functions/Engine_MaterialFunctions02/Utility/MakeFloat2.uasset" 634
"../../../Engine/Content/Functions/Engine_MaterialFunctions02/Utility/MakeFloat2.uexp" 635
"../../../Engine/Content/EngineMaterials/HairColorMap.uasset" 636
"../../../Engine/Content/EngineMaterials/HairColorMap.uexp" 637
"../../../Engine/Content/EngineMaterials/HairDebugColor.uasset" 638
"../../../Engine/Content/EngineMaterials/HairDebugColor.uexp" 639
"../../../Engine/Plugins/Runtime/HairStrands/Content/Materials/HairGroupColors.uasset" 640
"../../../Engine/Plugins/Runtime/HairStrands/Content/Materials/HairGroupColors.uexp" 641
"../../../Engine/Plugins/Runtime/HairStrands/Content/Materials/HairDebugMaterial.uasset" 642
"../../../Engine/Plugins/Runtime/HairStrands/Content/Materials/HairDebugMaterial.uexp" 643
"../../../Engine/Plugins/Runtime/HairStrands/Content/Materials/HairDefaultMaterial.uasset" 644
"../../../Engine/Plugins/Runtime/HairStrands/Content/Materials/HairDefaultMaterial.uexp" 645
"../../../Engine/Plugins/Interchange/Assets/Content/Functions/MX_OrenNayarBSDF.uasset" 646
"../../../Engine/Plugins/Interchange/Assets/Content/Functions/MX_OrenNayarBSDF.uexp" 647
"../../../Engine/Content/EngineMaterials/EnergyConservation/Sheen_Energy.uasset" 648
"../../../Engine/Content/EngineMaterials/EnergyConservation/Sheen_Energy.uexp" 649
"../../../Engine/Plugins/Runtime/HairStrands/Content/Materials/HairMeshesDefaultMaterial.uasset" 650
"../../../Engine/Plugins/Runtime/HairStrands/Content/Materials/HairMeshesDefaultMaterial.uexp" 651
"../../../Engine/Content/EngineMaterials/LTC/GGX_LTCAmp.uasset" 652
"../../../Engine/Content/EngineMaterials/LTC/GGX_LTCAmp.uexp" 653
"../../../Engine/Content/EngineMaterials/LTC/GGX_LTCMat.uasset" 654
"../../../Engine/Content/EngineMaterials/LTC/GGX_LTCMat.uexp" 655
"../../../Engine/Content/EngineMaterials/LTC/Sheen_LTC.uasset" 656
"../../../Engine/Content/EngineMaterials/LTC/Sheen_LTC.uexp" 657
"../../../Engine/Plugins/Interchange/Assets/Content/Functions/MX_SheenBSDF.uasset" 658
"../../../Engine/Plugins/Interchange/Assets/Content/Functions/MX_SheenBSDF.uexp" 659
"../../../Engine/Plugins/Interchange/Assets/Content/Functions/MX_SubsurfaceBSDF.uasset" 660
"../../../Engine/Plugins/Interchange/Assets/Content/Functions/MX_SubsurfaceBSDF.uexp" 661
"../../../Engine/Plugins/Interchange/Assets/Content/Functions/MX_Surface.uasset" 662
"../../../Engine/Plugins/Interchange/Assets/Content/Functions/MX_Surface.uexp" 663
"../../../Engine/Plugins/Interchange/Assets/Content/Functions/MX_SurfaceUnlit.uasset" 664
"../../../Engine/Plugins/Interchange/Assets/Content/Functions/MX_SurfaceUnlit.uexp" 665
"../../../Engine/Plugins/Runtime/AudioWidgets/Content/Resources/ScrubHandleDown_Clamped.uasset" 666
"../../../Engine/Plugins/Runtime/AudioWidgets/Content/Resources/ScrubHandleDown_Clamped.uexp" 667
"../../../Engine/Content/EngineMaterials/MiniFont.uasset" 668
"../../../Engine/Content/EngineMaterials/MiniFont.uexp" 669
"../../../Engine/Content/EngineMaterials/InvalidLightmapSettings.ubulk" 670
"../../../Engine/Content/EngineMaterials/InvalidLightmapSettings.uasset" 671
"../../../Engine/Content/EngineMaterials/InvalidLightmapSettings.uexp" 672
"../../../Engine/Content/EngineMaterials/M_InvalidLightmapSettings.uasset" 673
"../../../Engine/Content/EngineMaterials/M_InvalidLightmapSettings.uexp" 674
"../../../Engine/Plugins/Interchange/Assets/Content/Functions/MX_TranslucentBSDF.uasset" 675
"../../../Engine/Plugins/Interchange/Assets/Content/Functions/MX_TranslucentBSDF.uexp" 676
"../../../Engine/Content/EngineMaterials/NaniteHiddenSectionMaterial.uasset" 677
"../../../Engine/Content/EngineMaterials/NaniteHiddenSectionMaterial.uexp" 678
"../../../Engine/Content/EditorResources/SequenceRecorder/Countdown.uasset" 679
"../../../Engine/Content/EditorResources/SequenceRecorder/Countdown.uexp" 680
"../../../Engine/Plugins/Interchange/Assets/Content/Functions/MX_UniformEDF.uasset" 681
"../../../Engine/Plugins/Interchange/Assets/Content/Functions/MX_UniformEDF.uexp" 682
"../../../Engine/Content/EditorResources/SequenceRecorder/RecordingIndicator.uasset" 683
"../../../Engine/Content/EditorResources/SequenceRecorder/RecordingIndicator.uexp" 684
"../../../Engine/Content/EngineResources/Development/ZenLogo_64.uasset" 685
"../../../Engine/Content/EngineResources/Development/ZenLogo_64.uexp" 686
"../../../Engine/Plugins/Interchange/Assets/Content/Functions/MX_UsdPreviewSurface.uasset" 687
"../../../Engine/Plugins/Interchange/Assets/Content/Functions/MX_UsdPreviewSurface.uexp" 688
"../../../Engine/Content/EngineResources/FilmGrains/Marcie_Grain_v3_128_M2_000.uasset" 689
"../../../Engine/Content/EngineResources/FilmGrains/Marcie_Grain_v3_128_M2_000.uexp" 690
"../../../Engine/Content/EditorMaterials/Dataflow/DataflowTwoSidedVertexMaterial.uasset" 691
"../../../Engine/Content/EditorMaterials/Dataflow/DataflowTwoSidedVertexMaterial.uexp" 692
"../../../Engine/Content/EditorMaterials/ParticleSystems/PSysThumbnail_NoImage.ubulk" 693
"../../../Engine/Content/EditorMaterials/ParticleSystems/PSysThumbnail_NoImage.uasset" 694
"../../../Engine/Content/EditorMaterials/ParticleSystems/PSysThumbnail_NoImage.uexp" 695
"../../../Engine/Content/EditorMaterials/ParticleSystems/PSysThumbnail_OOD.ubulk" 696
"../../../Engine/Content/EditorMaterials/ParticleSystems/PSysThumbnail_OOD.uasset" 697
"../../../Engine/Content/EditorMaterials/ParticleSystems/PSysThumbnail_OOD.uexp" 698
"../../../Engine/Content/EditorMaterials/Dataflow/DataflowVertexMaterial.uasset" 699
"../../../Engine/Content/EditorMaterials/Dataflow/DataflowVertexMaterial.uexp" 700
"../../../Engine/Content/EditorMaterials/Camera/CineMat.uasset" 701
"../../../Engine/Content/EditorMaterials/Camera/CineMat.uexp" 702
"../../../Engine/Content/EditorMaterials/Camera/MI_CineMat_Rig.uasset" 703
"../../../Engine/Content/EditorMaterials/Camera/MI_CineMat_Rig.uexp" 704
"../../../Engine/Content/EditorMeshes/Camera/SM_CraneRig_Arm.ubulk" 705
"../../../Engine/Content/EditorMeshes/Camera/SM_CraneRig_Arm.uasset" 706
"../../../Engine/Content/EditorMeshes/Camera/SM_CraneRig_Arm.uexp" 707
"../../../Engine/Content/EditorMeshes/Camera/SM_CraneRig_Base.ubulk" 708
"../../../Engine/Content/EditorMeshes/Camera/SM_CraneRig_Base.uasset" 709
"../../../Engine/Content/EditorMeshes/Camera/SM_CraneRig_Base.uexp" 710
"../../../Engine/Content/EngineMaterials/EnergyConservation/Diffuse_Energy.uasset" 711
"../../../Engine/Content/EngineMaterials/EnergyConservation/Diffuse_Energy.uexp" 712
"../../../Engine/Content/EngineMaterials/EnergyConservation/GGX_ReflectionEnergy.uasset" 713
"../../../Engine/Content/EngineMaterials/EnergyConservation/GGX_ReflectionEnergy.uexp" 714
"../../../Engine/Content/EditorMeshes/Camera/SM_CraneRig_Body.ubulk" 715
"../../../Engine/Content/EditorMeshes/Camera/SM_CraneRig_Body.uasset" 716
"../../../Engine/Content/EditorMeshes/Camera/SM_CraneRig_Body.uexp" 717
"../../../Engine/Content/EditorMeshes/Camera/SM_CraneRig_Mount.ubulk" 718
"../../../Engine/Content/EditorMeshes/Camera/SM_CraneRig_Mount.uasset" 719
"../../../Engine/Content/EditorMeshes/Camera/SM_CraneRig_Mount.uexp" 720
"../../../Engine/Content/EditorMeshes/Camera/SM_RailRig_Mount.ubulk" 721
"../../../Engine/Content/EditorMeshes/Camera/SM_RailRig_Mount.uasset" 722
"../../../Engine/Content/EditorMeshes/Camera/SM_RailRig_Mount.uexp" 723
"../../../Engine/Content/EditorMeshes/Camera/SM_RailRig_Track.ubulk" 724
"../../../Engine/Content/EditorMeshes/Camera/SM_RailRig_Track.uasset" 725
"../../../Engine/Content/EditorMeshes/Camera/SM_RailRig_Track.uexp" 726
"../../../Engine/Plugins/Animation/DeformerGraph/Content/DeformerFunctions/DG_Function_LinearBlendSkin_Morph_Cloth.uasset" 727
"../../../Engine/Plugins/Animation/DeformerGraph/Content/DeformerFunctions/DG_Function_LinearBlendSkin_Morph_Cloth.uexp" 728
"../../../Engine/Plugins/Animation/DeformerGraph/Content/Deformers/DG_LinearBlendSkin_Morph_Cloth.uasset" 729
"../../../Engine/Plugins/Animation/DeformerGraph/Content/Deformers/DG_LinearBlendSkin_Morph_Cloth.uexp" 730
"../../../Engine/Plugins/Animation/DeformerGraph/Content/DeformerFunctions/DG_Function_ComputeNormalsTangents.uasset" 731
"../../../Engine/Plugins/Animation/DeformerGraph/Content/DeformerFunctions/DG_Function_ComputeNormalsTangents.uexp" 732
"../../../Engine/Plugins/Animation/DeformerGraph/Content/DeformerFunctions/DG_Function_LinearBlendSkin_Morph_Cloth_PositionOnly.uasset" 733
"../../../Engine/Plugins/Animation/DeformerGraph/Content/DeformerFunctions/DG_Function_LinearBlendSkin_Morph_Cloth_PositionOnly.uexp" 734
"../../../Engine/Plugins/Animation/DeformerGraph/Content/Deformers/DG_LinearBlendSkin_Morph_Cloth_RecomputeNormals.uasset" 735
"../../../Engine/Plugins/Animation/DeformerGraph/Content/Deformers/DG_LinearBlendSkin_Morph_Cloth_RecomputeNormals.uexp" 736
"../../../Engine/Plugins/Interchange/Runtime/Content/Pipelines/DefaultAssetsPipeline.uasset" 737
"../../../Engine/Plugins/Interchange/Runtime/Content/Pipelines/DefaultAssetsPipeline.uexp" 738
"../../../Engine/Plugins/Interchange/Runtime/Content/Pipelines/DefaultAudioPipeline.uasset" 739
"../../../Engine/Plugins/Interchange/Runtime/Content/Pipelines/DefaultAudioPipeline.uexp" 740
"../../../Engine/Plugins/Interchange/Runtime/Content/Pipelines/DefaultGLTFAssetsPipeline.uasset" 741
"../../../Engine/Plugins/Interchange/Runtime/Content/Pipelines/DefaultGLTFAssetsPipeline.uexp" 742
"../../../Engine/Plugins/Interchange/Runtime/Content/Pipelines/DefaultGLTFPipeline.uasset" 743
"../../../Engine/Plugins/Interchange/Runtime/Content/Pipelines/DefaultGLTFPipeline.uexp" 744
"../../../Engine/Plugins/Interchange/Runtime/Content/Pipelines/DefaultGLTFSceneAssetsPipeline.uasset" 745
"../../../Engine/Plugins/Interchange/Runtime/Content/Pipelines/DefaultGLTFSceneAssetsPipeline.uexp" 746
"../../../Engine/Content/Functions/Engine_MaterialFunctions02/WorldPositionOffset/ObjectScale.uasset" 747
"../../../Engine/Content/Functions/Engine_MaterialFunctions02/WorldPositionOffset/ObjectScale.uexp" 748
"../../../Engine/Plugins/Editor/SpeedTreeImporter/Content/SpeedTree9/Empty.uasset" 749
"../../../Engine/Plugins/Editor/SpeedTreeImporter/Content/SpeedTree9/Empty.uexp" 750
"../../../Engine/Plugins/Editor/SpeedTreeImporter/Content/SpeedTree9/EmptyNormal.uasset" 751
"../../../Engine/Plugins/Editor/SpeedTreeImporter/Content/SpeedTree9/EmptyNormal.uexp" 752
"../../../Engine/Plugins/Editor/SpeedTreeImporter/Content/SpeedTree9/game_wind_noise.ubulk" 753
"../../../Engine/Plugins/Editor/SpeedTreeImporter/Content/SpeedTree9/game_wind_noise.uasset" 754
"../../../Engine/Plugins/Editor/SpeedTreeImporter/Content/SpeedTree9/game_wind_noise.uexp" 755
"../../../Engine/Plugins/Editor/SpeedTreeImporter/Content/SpeedTree9/SpeedTreeBillboard.uasset" 756
"../../../Engine/Plugins/Editor/SpeedTreeImporter/Content/SpeedTree9/SpeedTreeBillboard.uexp" 757
"../../../Engine/Content/Functions/Engine_MaterialFunctions02/SafeNormalize.uasset" 758
"../../../Engine/Content/Functions/Engine_MaterialFunctions02/SafeNormalize.uexp" 759
"../../../Engine/Plugins/Editor/SpeedTreeImporter/Content/SpeedTree9/SpeedTreeWindMotion.uasset" 760
"../../../Engine/Plugins/Editor/SpeedTreeImporter/Content/SpeedTree9/SpeedTreeWindMotion.uexp" 761
"../../../Engine/Plugins/Editor/SpeedTreeImporter/Content/SpeedTree9/UnpackDirection.uasset" 762
"../../../Engine/Plugins/Editor/SpeedTreeImporter/Content/SpeedTree9/UnpackDirection.uexp" 763
"../../../Engine/Plugins/Editor/SpeedTreeImporter/Content/SpeedTree9/UnpackInteger3.uasset" 764
"../../../Engine/Plugins/Editor/SpeedTreeImporter/Content/SpeedTree9/UnpackInteger3.uexp" 765
"../../../Engine/Plugins/Editor/SpeedTreeImporter/Content/SpeedTree9/SpeedTreeBranchMotion.uasset" 766
"../../../Engine/Plugins/Editor/SpeedTreeImporter/Content/SpeedTree9/SpeedTreeBranchMotion.uexp" 767
"../../../Engine/Content/Functions/Engine_MaterialFunctions02/ObjectLocalBounds.uasset" 768
"../../../Engine/Content/Functions/Engine_MaterialFunctions02/ObjectLocalBounds.uexp" 769
"../../../Engine/Content/Functions/Engine_MaterialFunctions02/UVs/BoundingBoxBased_0-1_UVW.uasset" 770
"../../../Engine/Content/Functions/Engine_MaterialFunctions02/UVs/BoundingBoxBased_0-1_UVW.uexp" 771
"../../../Engine/Plugins/Editor/SpeedTreeImporter/Content/SpeedTree9/SpeedTreeWind.uasset" 772
"../../../Engine/Plugins/Editor/SpeedTreeImporter/Content/SpeedTree9/SpeedTreeWind.uexp" 773
"../../../Engine/Plugins/Editor/SpeedTreeImporter/Content/SpeedTree9/SpeedTreeBillboardMaster.uasset" 774
"../../../Engine/Plugins/Editor/SpeedTreeImporter/Content/SpeedTree9/SpeedTreeBillboardMaster.uexp" 775
"../../../Engine/Plugins/Editor/SpeedTreeImporter/Content/SpeedTree9/SpeedTreeCameraFacing.uasset" 776
"../../../Engine/Plugins/Editor/SpeedTreeImporter/Content/SpeedTree9/SpeedTreeCameraFacing.uexp" 777
"../../../Engine/Plugins/Editor/SpeedTreeImporter/Content/SpeedTree9/SpeedTreeMaster.uasset" 778
"../../../Engine/Plugins/Editor/SpeedTreeImporter/Content/SpeedTree9/SpeedTreeMaster.uexp" 779
"../../../Engine/Content/VREditor/TransformGizmo/BoundingBoxCorner.ubulk" 780
"../../../Engine/Content/VREditor/TransformGizmo/BoundingBoxCorner.uasset" 781
"../../../Engine/Content/VREditor/TransformGizmo/BoundingBoxCorner.uexp" 782
"../../../Engine/Content/VREditor/TransformGizmo/BoundingBoxEdge.ubulk" 783
"../../../Engine/Content/VREditor/TransformGizmo/BoundingBoxEdge.uasset" 784
"../../../Engine/Content/VREditor/TransformGizmo/BoundingBoxEdge.uexp" 785
"../../../Engine/Plugins/Interchange/Assets/Content/Utilities/New_LUT.uasset" 786
"../../../Engine/Plugins/Interchange/Assets/Content/Utilities/New_LUT.uexp" 787
"../../../Engine/Content/Functions/Engine_MaterialFunctions03/Math/RemapValueRange.uasset" 788
"../../../Engine/Content/Functions/Engine_MaterialFunctions03/Math/RemapValueRange.uexp" 789
"../../../Engine/Plugins/Interchange/Assets/Content/Functions/MF_Iridescence.uasset" 790
"../../../Engine/Plugins/Interchange/Assets/Content/Functions/MF_Iridescence.uexp" 791
"../../../Engine/Plugins/Interchange/Assets/Content/gltf/Textures/T_White_srgb.uasset" 792
"../../../Engine/Plugins/Interchange/Assets/Content/gltf/Textures/T_White_srgb.uexp" 793
"../../../Engine/Plugins/Interchange/Assets/Content/gltf/MaterialFunctions/MF_BaseColor.uasset" 794
"../../../Engine/Plugins/Interchange/Assets/Content/gltf/MaterialFunctions/MF_BaseColor.uexp" 795
"../../../Engine/Plugins/Interchange/Assets/Content/gltf/MaterialFunctions/MF_Emissive.uasset" 796
"../../../Engine/Plugins/Interchange/Assets/Content/gltf/MaterialFunctions/MF_Emissive.uexp" 797
"../../../Engine/Plugins/Interchange/Assets/Content/gltf/MaterialFunctions/MF_IOR.uasset" 798
"../../../Engine/Plugins/Interchange/Assets/Content/gltf/MaterialFunctions/MF_IOR.uexp" 799
"../../../Engine/Plugins/Interchange/Assets/Content/gltf/MaterialFunctions/MF_Iridescence.uasset" 800
"../../../Engine/Plugins/Interchange/Assets/Content/gltf/MaterialFunctions/MF_Iridescence.uexp" 801
"../../../Engine/Plugins/Interchange/Assets/Content/gltf/Textures/T_White_Linear.uasset" 802
"../../../Engine/Plugins/Interchange/Assets/Content/gltf/Textures/T_White_Linear.uexp" 803
"../../../Engine/Plugins/Interchange/Assets/Content/gltf/MaterialFunctions/MF_MetallicRoughness.uasset" 804
"../../../Engine/Plugins/Interchange/Assets/Content/gltf/MaterialFunctions/MF_MetallicRoughness.uexp" 805
"../../../Engine/Plugins/Interchange/Assets/Content/gltf/MaterialFunctions/MF_RotateNormals_TS.uasset" 806
"../../../Engine/Plugins/Interchange/Assets/Content/gltf/MaterialFunctions/MF_RotateNormals_TS.uexp" 807
"../../../Engine/Plugins/Interchange/Assets/Content/gltf/MaterialFunctions/MF_ScaleNormal.uasset" 808
"../../../Engine/Plugins/Interchange/Assets/Content/gltf/MaterialFunctions/MF_ScaleNormal.uexp" 809
"../../../Engine/Plugins/Interchange/Assets/Content/gltf/Textures/T_Generic_N.uasset" 810
"../../../Engine/Plugins/Interchange/Assets/Content/gltf/Textures/T_Generic_N.uexp" 811
"../../../Engine/Plugins/Interchange/Assets/Content/gltf/MaterialFunctions/MF_Normals.uasset" 812
"../../../Engine/Plugins/Interchange/Assets/Content/gltf/MaterialFunctions/MF_Normals.uexp" 813
"../../../Engine/Plugins/Interchange/Assets/Content/gltf/MaterialFunctions/MF_Occlusion.uasset" 814
"../../../Engine/Plugins/Interchange/Assets/Content/gltf/MaterialFunctions/MF_Occlusion.uexp" 815
"../../../Engine/Plugins/Interchange/Assets/Content/gltf/MaterialFunctions/MF_RotateV2.uasset" 816
"../../../Engine/Plugins/Interchange/Assets/Content/gltf/MaterialFunctions/MF_RotateV2.uexp" 817
"../../../Engine/Plugins/Interchange/Assets/Content/gltf/MaterialFunctions/MF_Specular.uasset" 818
"../../../Engine/Plugins/Interchange/Assets/Content/gltf/MaterialFunctions/MF_Specular.uexp" 819
"../../../Engine/Plugins/Interchange/Assets/Content/gltf/Textures/T_Anisotropy_Direction_Linear.uasset" 820
"../../../Engine/Plugins/Interchange/Assets/Content/gltf/Textures/T_Anisotropy_Direction_Linear.uexp" 821
"../../../Engine/Plugins/Interchange/Assets/Content/gltf/MaterialFunctions/MF_SpecularAnisotropy.uasset" 822
"../../../Engine/Plugins/Interchange/Assets/Content/gltf/MaterialFunctions/MF_SpecularAnisotropy.uexp" 823
"../../../Engine/Plugins/Interchange/Assets/Content/gltf/MaterialFunctions/MF_TransformUVs.uasset" 824
"../../../Engine/Plugins/Interchange/Assets/Content/gltf/MaterialFunctions/MF_TransformUVs.uexp" 825
"../../../Engine/Plugins/Interchange/Assets/Content/gltf/MaterialBodies/MF_Default_Body.uasset" 826
"../../../Engine/Plugins/Interchange/Assets/Content/gltf/MaterialBodies/MF_Default_Body.uexp" 827
"../../../Engine/Plugins/Interchange/Assets/Content/gltf/M_Default.uasset" 828
"../../../Engine/Plugins/Interchange/Assets/Content/gltf/M_Default.uexp" 829
"../../../Engine/Plugins/Interchange/Assets/Content/gltf/MaterialInstances/MI_Default_Mask_DS.uasset" 830
"../../../Engine/Plugins/Interchange/Assets/Content/gltf/MaterialInstances/MI_Default_Mask_DS.uexp" 831
"../../../Engine/Plugins/Interchange/Assets/Content/gltf/MaterialInstances/MI_Default_Opaque.uasset" 832
"../../../Engine/Plugins/Interchange/Assets/Content/gltf/MaterialInstances/MI_Default_Opaque.uexp" 833
"../../../Engine/Plugins/Interchange/Assets/Content/gltf/MaterialInstances/MI_Default_Opaque_DS.uasset" 834
"../../../Engine/Plugins/Interchange/Assets/Content/gltf/MaterialInstances/MI_Default_Opaque_DS.uexp" 835
"../../../Engine/Plugins/Interchange/Assets/Content/gltf/MaterialFunctions/MF_Sheen.uasset" 836
"../../../Engine/Plugins/Interchange/Assets/Content/gltf/MaterialFunctions/MF_Sheen.uexp" 837
"../../../Engine/Plugins/Interchange/Assets/Content/gltf/MaterialBodies/MF_Sheen_Body.uasset" 838
"../../../Engine/Plugins/Interchange/Assets/Content/gltf/MaterialBodies/MF_Sheen_Body.uexp" 839
"../../../Engine/Plugins/Interchange/Assets/Content/gltf/M_Sheen.uasset" 840
"../../../Engine/Plugins/Interchange/Assets/Content/gltf/M_Sheen.uexp" 841
"../../../Engine/Plugins/Interchange/Assets/Content/gltf/MaterialInstances/MI_Sheen_Blend.uasset" 842
"../../../Engine/Plugins/Interchange/Assets/Content/gltf/MaterialInstances/MI_Sheen_Blend.uexp" 843
"../../../Engine/Plugins/Interchange/Assets/Content/gltf/MaterialInstances/MI_Sheen_Blend_DS.uasset" 844
"../../../Engine/Plugins/Interchange/Assets/Content/gltf/MaterialInstances/MI_Sheen_Blend_DS.uexp" 845
"../../../Engine/Plugins/Interchange/Assets/Content/gltf/MaterialInstances/MI_Sheen_Mask.uasset" 846
"../../../Engine/Plugins/Interchange/Assets/Content/gltf/MaterialInstances/MI_Sheen_Mask.uexp" 847
"../../../Engine/Plugins/Interchange/Assets/Content/gltf/MaterialInstances/MI_Sheen_Mask_DS.uasset" 848
"../../../Engine/Plugins/Interchange/Assets/Content/gltf/MaterialInstances/MI_Sheen_Mask_DS.uexp" 849
"../../../Engine/Plugins/Interchange/Assets/Content/gltf/MaterialInstances/MI_Sheen_Opaque.uasset" 850
"../../../Engine/Plugins/Interchange/Assets/Content/gltf/MaterialInstances/MI_Sheen_Opaque.uexp" 851
"../../../Engine/Plugins/Interchange/Assets/Content/gltf/MaterialInstances/MI_Sheen_Opaque_DS.uasset" 852
"../../../Engine/Plugins/Interchange/Assets/Content/gltf/MaterialInstances/MI_Sheen_Opaque_DS.uexp" 853
"../../../Engine/Plugins/Interchange/Assets/Content/gltf/MaterialFunctions/MF_DiffuseSpecGloss.uasset" 854
"../../../Engine/Plugins/Interchange/Assets/Content/gltf/MaterialFunctions/MF_DiffuseSpecGloss.uexp" 855
"../../../Engine/Plugins/Interchange/Assets/Content/gltf/MaterialFunctions/MF_MaxComponentValue.uasset" 856
"../../../Engine/Plugins/Interchange/Assets/Content/gltf/MaterialFunctions/MF_MaxComponentValue.uexp" 857
"../../../Engine/Content/Functions/Engine_MaterialFunctions02/Math/AddComponents.uasset" 858
"../../../Engine/Content/Functions/Engine_MaterialFunctions02/Math/AddComponents.uexp" 859
"../../../Engine/Plugins/Interchange/Assets/Content/gltf/MaterialFunctions/MF_PerceivedBrightness.uasset" 860
"../../../Engine/Plugins/Interchange/Assets/Content/gltf/MaterialFunctions/MF_PerceivedBrightness.uexp" 861
"../../../Engine/Plugins/Interchange/Assets/Content/gltf/MaterialFunctions/MF_SpecGlossToMetalRoughness.uasset" 862
"../../../Engine/Plugins/Interchange/Assets/Content/gltf/MaterialFunctions/MF_SpecGlossToMetalRoughness.uexp" 863
"../../../Engine/Plugins/Interchange/Assets/Content/gltf/MaterialBodies/MF_SpecularGlossiness_Body.uasset" 864
"../../../Engine/Plugins/Interchange/Assets/Content/gltf/MaterialBodies/MF_SpecularGlossiness_Body.uexp" 865
"../../../Engine/Plugins/Interchange/Assets/Content/gltf/M_SpecularGlossiness.uasset" 866
"../../../Engine/Plugins/Interchange/Assets/Content/gltf/M_SpecularGlossiness.uexp" 867
"../../../Engine/Plugins/Interchange/Assets/Content/gltf/MaterialInstances/MI_SpecularGlossiness_Blend.uasset" 868
"../../../Engine/Plugins/Interchange/Assets/Content/gltf/MaterialInstances/MI_SpecularGlossiness_Blend.uexp" 869
"../../../Engine/Plugins/Interchange/Assets/Content/gltf/MaterialInstances/MI_SpecularGlossiness_Blend_DS.uasset" 870
"../../../Engine/Plugins/Interchange/Assets/Content/gltf/MaterialInstances/MI_SpecularGlossiness_Blend_DS.uexp" 871
"../../../Engine/Plugins/Interchange/Assets/Content/gltf/MaterialInstances/MI_SpecularGlossiness_Mask.uasset" 872
"../../../Engine/Plugins/Interchange/Assets/Content/gltf/MaterialInstances/MI_SpecularGlossiness_Mask.uexp" 873
"../../../Engine/Plugins/Interchange/Assets/Content/gltf/MaterialInstances/MI_SpecularGlossiness_Mask_DS.uasset" 874
"../../../Engine/Plugins/Interchange/Assets/Content/gltf/MaterialInstances/MI_SpecularGlossiness_Mask_DS.uexp" 875
"../../../Engine/Plugins/Interchange/Assets/Content/gltf/MaterialInstances/MI_SpecularGlossiness_Opaque.uasset" 876
"../../../Engine/Plugins/Interchange/Assets/Content/gltf/MaterialInstances/MI_SpecularGlossiness_Opaque.uexp" 877
"../../../Engine/Plugins/Interchange/Assets/Content/gltf/MaterialInstances/MI_SpecularGlossiness_Opaque_DS.uasset" 878
"../../../Engine/Plugins/Interchange/Assets/Content/gltf/MaterialInstances/MI_SpecularGlossiness_Opaque_DS.uexp" 879
"../../../Engine/Content/EngineMaterials/Good64x64TilingNoiseHighFreq.uasset" 880
"../../../Engine/Content/EngineMaterials/Good64x64TilingNoiseHighFreq.uexp" 881
"../../../Engine/Content/Functions/Engine_MaterialFunctions02/Texturing/ScreenAlignedPixelToPixelUVs.uasset" 882
"../../../Engine/Content/Functions/Engine_MaterialFunctions02/Texturing/ScreenAlignedPixelToPixelUVs.uexp" 883
"../../../Engine/Plugins/Interchange/Assets/Content/gltf/MaterialFunctions/MF_Fresnel_DS.uasset" 884
"../../../Engine/Plugins/Interchange/Assets/Content/gltf/MaterialFunctions/MF_Fresnel_DS.uexp" 885
"../../../Engine/Plugins/Interchange/Assets/Content/gltf/MaterialFunctions/MF_Temporal_Blur.uasset" 886
"../../../Engine/Plugins/Interchange/Assets/Content/gltf/MaterialFunctions/MF_Temporal_Blur.uexp" 887
"../../../Engine/Plugins/Interchange/Assets/Content/gltf/MaterialFunctions/MF_Transmission.uasset" 888
"../../../Engine/Plugins/Interchange/Assets/Content/gltf/MaterialFunctions/MF_Transmission.uexp" 889
"../../../Engine/Plugins/Interchange/Assets/Content/gltf/MaterialBodies/MF_Transmission_Body.uasset" 890
"../../../Engine/Plugins/Interchange/Assets/Content/gltf/MaterialBodies/MF_Transmission_Body.uexp" 891
"../../../Engine/Plugins/Interchange/Assets/Content/gltf/M_Transmission.uasset" 892
"../../../Engine/Plugins/Interchange/Assets/Content/gltf/M_Transmission.uexp" 893
"../../../Engine/Plugins/Interchange/Assets/Content/gltf/MaterialInstances/MI_Transmission.uasset" 894
"../../../Engine/Plugins/Interchange/Assets/Content/gltf/MaterialInstances/MI_Transmission.uexp" 895
"../../../Engine/Plugins/Interchange/Assets/Content/gltf/MaterialInstances/MI_Transmission_DS.uasset" 896
"../../../Engine/Plugins/Interchange/Assets/Content/gltf/MaterialInstances/MI_Transmission_DS.uexp" 897
"../../../Engine/Plugins/Interchange/Assets/Content/gltf/MaterialBodies/MF_Unlit_Body.uasset" 898
"../../../Engine/Plugins/Interchange/Assets/Content/gltf/MaterialBodies/MF_Unlit_Body.uexp" 899
"../../../Engine/Plugins/Interchange/Assets/Content/gltf/M_Unlit.uasset" 900
"../../../Engine/Plugins/Interchange/Assets/Content/gltf/M_Unlit.uexp" 901
"../../../Engine/Plugins/Interchange/Assets/Content/gltf/MaterialInstances/MI_Unlit_Blend.uasset" 902
"../../../Engine/Plugins/Interchange/Assets/Content/gltf/MaterialInstances/MI_Unlit_Blend.uexp" 903
"../../../Engine/Plugins/Interchange/Assets/Content/gltf/MaterialInstances/MI_Unlit_Blend_DS.uasset" 904
"../../../Engine/Plugins/Interchange/Assets/Content/gltf/MaterialInstances/MI_Unlit_Blend_DS.uexp" 905
"../../../Engine/Plugins/Interchange/Assets/Content/gltf/MaterialInstances/MI_Unlit_Mask.uasset" 906
"../../../Engine/Plugins/Interchange/Assets/Content/gltf/MaterialInstances/MI_Unlit_Mask.uexp" 907
"../../../Engine/Plugins/Interchange/Assets/Content/gltf/MaterialInstances/MI_Unlit_Mask_DS.uasset" 908
"../../../Engine/Plugins/Interchange/Assets/Content/gltf/MaterialInstances/MI_Unlit_Mask_DS.uexp" 909
"../../../Engine/Plugins/Interchange/Assets/Content/gltf/MaterialInstances/MI_Unlit_Opaque.uasset" 910
"../../../Engine/Plugins/Interchange/Assets/Content/gltf/MaterialInstances/MI_Unlit_Opaque.uexp" 911
"../../../Engine/Plugins/Interchange/Assets/Content/gltf/MaterialInstances/MI_Unlit_Opaque_DS.uasset" 912
"../../../Engine/Plugins/Interchange/Assets/Content/gltf/MaterialInstances/MI_Unlit_Opaque_DS.uexp" 913
"../../../Engine/Content/ArtTools/RenderToTexture/Meshes/S_1_Unit_Plane.ubulk" 914
"../../../Engine/Content/ArtTools/RenderToTexture/Meshes/S_1_Unit_Plane.uasset" 915
"../../../Engine/Content/ArtTools/RenderToTexture/Meshes/S_1_Unit_Plane.uexp" 916
"../../../Engine/Content/EngineMaterials/Substrate/GLints/AGlintTex2dArray.uasset" 917
"../../../Engine/Content/EngineMaterials/Substrate/GLints/AGlintTex2dArray.uexp" 918
"../../../Engine/Content/Functions/Engine_MaterialFunctions01/Texturing/FlattenNormal.uasset" 919
"../../../Engine/Content/Functions/Engine_MaterialFunctions01/Texturing/FlattenNormal.uexp" 920
"../../../Engine/Plugins/Interchange/Assets/Content/gltf/MaterialFunctions/MF_Clearcoat.uasset" 921
"../../../Engine/Plugins/Interchange/Assets/Content/gltf/MaterialFunctions/MF_Clearcoat.uexp" 922
"../../../Engine/Plugins/Interchange/Assets/Content/gltf/MaterialBodies/MF_ClearCoat_Body.uasset" 923
"../../../Engine/Plugins/Interchange/Assets/Content/gltf/MaterialBodies/MF_ClearCoat_Body.uexp" 924
"../../../Engine/Plugins/Interchange/Assets/Content/gltf/M_ClearCoat.uasset" 925
"../../../Engine/Plugins/Interchange/Assets/Content/gltf/M_ClearCoat.uexp" 926
"../../../Engine/Plugins/Interchange/Assets/Content/gltf/MaterialInstances/MI_ClearCoat_Blend.uasset" 927
"../../../Engine/Plugins/Interchange/Assets/Content/gltf/MaterialInstances/MI_ClearCoat_Blend.uexp" 928
"../../../Engine/Plugins/Interchange/Assets/Content/gltf/MaterialInstances/MI_ClearCoat_Blend_DS.uasset" 929
"../../../Engine/Plugins/Interchange/Assets/Content/gltf/MaterialInstances/MI_ClearCoat_Blend_DS.uexp" 930
"../../../Engine/Plugins/Interchange/Assets/Content/gltf/MaterialInstances/MI_ClearCoat_Mask.uasset" 931
"../../../Engine/Plugins/Interchange/Assets/Content/gltf/MaterialInstances/MI_ClearCoat_Mask.uexp" 932
"../../../Engine/Plugins/Interchange/Assets/Content/gltf/MaterialInstances/MI_ClearCoat_Mask_DS.uasset" 933
"../../../Engine/Plugins/Interchange/Assets/Content/gltf/MaterialInstances/MI_ClearCoat_Mask_DS.uexp" 934
"../../../Engine/Plugins/Interchange/Assets/Content/gltf/MaterialInstances/MI_ClearCoat_Opaque.uasset" 935
"../../../Engine/Plugins/Interchange/Assets/Content/gltf/MaterialInstances/MI_ClearCoat_Opaque.uexp" 936
"../../../Engine/Plugins/Interchange/Assets/Content/gltf/MaterialInstances/MI_ClearCoat_Opaque_DS.uasset" 937
"../../../Engine/Plugins/Interchange/Assets/Content/gltf/MaterialInstances/MI_ClearCoat_Opaque_DS.uexp" 938
"../../../Engine/Plugins/Interchange/Assets/Content/gltf/MaterialInstances/MI_Default_Blend.uasset" 939
"../../../Engine/Plugins/Interchange/Assets/Content/gltf/MaterialInstances/MI_Default_Blend.uexp" 940
"../../../Engine/Plugins/Interchange/Assets/Content/gltf/MaterialInstances/MI_Default_Blend_DS.uasset" 941
"../../../Engine/Plugins/Interchange/Assets/Content/gltf/MaterialInstances/MI_Default_Blend_DS.uexp" 942
"../../../Engine/Plugins/Interchange/Assets/Content/gltf/MaterialInstances/MI_Default_Mask.uasset" 943
"../../../Engine/Plugins/Interchange/Assets/Content/gltf/MaterialInstances/MI_Default_Mask.uexp" 944
"../../../Engine/Content/EngineMaterials/Substrate/Glints2/AGlintTex2dArray2.uasset" 945
"../../../Engine/Content/EngineMaterials/Substrate/Glints2/AGlintTex2dArray2.uexp" 946
"../../../Engine/Content/Functions/Engine_MaterialFunctions01/Shading/ConvertFromDiffSpec.uasset" 947
"../../../Engine/Content/Functions/Engine_MaterialFunctions01/Shading/ConvertFromDiffSpec.uexp" 948
"../../../Engine/Content/Functions/Engine_MaterialFunctions01/Shading/PowerToRoughness.uasset" 949
"../../../Engine/Content/Functions/Engine_MaterialFunctions01/Shading/PowerToRoughness.uexp" 950
"../../../Engine/Content/EngineMaterials/Substrate/Volume/SubstrateSimpleVolumeEnvLUT3D.uasset" 951
"../../../Engine/Content/EngineMaterials/Substrate/Volume/SubstrateSimpleVolumeEnvLUT3D.uexp" 952
"../../../Engine/Content/EngineMaterials/Substrate/Volume/SubstrateSimpleVolumeLUT3D.uasset" 953
"../../../Engine/Content/EngineMaterials/Substrate/Volume/SubstrateSimpleVolumeLUT3D.uexp" 954
"C:/Users/Arzuh/Documents/Unreal Projects/Oryx/Content/Abilities/BP_Ability_Dash.uasset" 955
"C:/Users/Arzuh/Documents/Unreal Projects/Oryx/Content/Abilities/BP_Ability_Dash.uexp" 956
"C:/Users/Arzuh/Documents/Unreal Projects/Oryx/Content/Abilities/BP_Ability_MeleeSlash.uasset" 957
"C:/Users/Arzuh/Documents/Unreal Projects/Oryx/Content/Abilities/BP_Ability_MeleeSlash.uexp" 958
"C:/Users/Arzuh/Documents/Unreal Projects/Oryx/Content/Input/Actions/IA_Jump.uasset" 959
"C:/Users/Arzuh/Documents/Unreal Projects/Oryx/Content/Input/Actions/IA_Jump.uexp" 960
"C:/Users/Arzuh/Documents/Unreal Projects/Oryx/Content/Input/Actions/IA_Look.uasset" 961
"C:/Users/Arzuh/Documents/Unreal Projects/Oryx/Content/Input/Actions/IA_Look.uexp" 962
"C:/Users/Arzuh/Documents/Unreal Projects/Oryx/Content/Input/Actions/IA_Move.uasset" 963
"C:/Users/Arzuh/Documents/Unreal Projects/Oryx/Content/Input/Actions/IA_Move.uexp" 964
"C:/Users/Arzuh/Documents/Unreal Projects/Oryx/Content/Input/Actions/IA_Dash.uasset" 965
"C:/Users/Arzuh/Documents/Unreal Projects/Oryx/Content/Input/Actions/IA_Dash.uexp" 966
"C:/Users/Arzuh/Documents/Unreal Projects/Oryx/Content/Input/Actions/IA_Fire.uasset" 967
"C:/Users/Arzuh/Documents/Unreal Projects/Oryx/Content/Input/Actions/IA_Fire.uexp" 968
"C:/Users/Arzuh/Documents/Unreal Projects/Oryx/Content/Input/Actions/IA_Sprint.uasset" 969
"C:/Users/Arzuh/Documents/Unreal Projects/Oryx/Content/Input/Actions/IA_Sprint.uexp" 970
"C:/Users/Arzuh/Documents/Unreal Projects/Oryx/Content/Input/Actions/IA_Ability_AOE_Blaze.uasset" 971
"C:/Users/Arzuh/Documents/Unreal Projects/Oryx/Content/Input/Actions/IA_Ability_AOE_Blaze.uexp" 972
"C:/Users/Arzuh/Documents/Unreal Projects/Oryx/Content/Input/Actions/IA_Ability_AOE_Blizzard.uasset" 973
"C:/Users/Arzuh/Documents/Unreal Projects/Oryx/Content/Input/Actions/IA_Ability_AOE_Blizzard.uexp" 974
"C:/Users/Arzuh/Documents/Unreal Projects/Oryx/Content/Input/Actions/IA_Ability_AOE_FireArrows.uasset" 975
"C:/Users/Arzuh/Documents/Unreal Projects/Oryx/Content/Input/Actions/IA_Ability_AOE_FireArrows.uexp" 976
"C:/Users/Arzuh/Documents/Unreal Projects/Oryx/Content/Input/Actions/IA_Ability_AOE_IceSpiral.uasset" 977
"C:/Users/Arzuh/Documents/Unreal Projects/Oryx/Content/Input/Actions/IA_Ability_AOE_IceSpiral.uexp" 978
"C:/Users/Arzuh/Documents/Unreal Projects/Oryx/Content/Input/Actions/IA_Ability_AOE_PoisonCarousel.uasset" 979
"C:/Users/Arzuh/Documents/Unreal Projects/Oryx/Content/Input/Actions/IA_Ability_AOE_PoisonCarousel.uexp" 980
"C:/Users/Arzuh/Documents/Unreal Projects/Oryx/Content/Input/Actions/IA_Interact.uasset" 981
"C:/Users/Arzuh/Documents/Unreal Projects/Oryx/Content/Input/Actions/IA_Interact.uexp" 982
"C:/Users/Arzuh/Documents/Unreal Projects/Oryx/Content/Input/Actions/IA_ToggleStats.uasset" 983
"C:/Users/Arzuh/Documents/Unreal Projects/Oryx/Content/Input/Actions/IA_ToggleStats.uexp" 984
"C:/Users/Arzuh/Documents/Unreal Projects/Oryx/Content/Input/Actions/IA_Menu.uasset" 985
"C:/Users/Arzuh/Documents/Unreal Projects/Oryx/Content/Input/Actions/IA_Menu.uexp" 986
"C:/Users/Arzuh/Documents/Unreal Projects/Oryx/Content/Input/IMC_Default.uasset" 987
"C:/Users/Arzuh/Documents/Unreal Projects/Oryx/Content/Input/IMC_Default.uexp" 988
"C:/Users/Arzuh/Documents/Unreal Projects/Oryx/Content/Input/Actions/IA_MouseLook.uasset" 989
"C:/Users/Arzuh/Documents/Unreal Projects/Oryx/Content/Input/Actions/IA_MouseLook.uexp" 990
"C:/Users/Arzuh/Documents/Unreal Projects/Oryx/Content/Input/IMC_MouseLook.uasset" 991
"C:/Users/Arzuh/Documents/Unreal Projects/Oryx/Content/Input/IMC_MouseLook.uexp" 992
"../../../Engine/Content/MobileResources/HUD/VirtualJoystick_Thumb.uasset" 993
"../../../Engine/Content/MobileResources/HUD/VirtualJoystick_Thumb.uexp" 994
"C:/Users/Arzuh/Documents/Unreal Projects/Oryx/Content/Input/Touch/BPI_TouchInterface.uasset" 995
"C:/Users/Arzuh/Documents/Unreal Projects/Oryx/Content/Input/Touch/BPI_TouchInterface.uexp" 996
"../../../Engine/Content/MobileResources/HUD/VirtualJoystick_Background.uasset" 997
"../../../Engine/Content/MobileResources/HUD/VirtualJoystick_Background.uexp" 998
"C:/Users/Arzuh/Documents/Unreal Projects/Oryx/Content/Input/Touch/UI_Thumbstick.uasset" 999
"C:/Users/Arzuh/Documents/Unreal Projects/Oryx/Content/Input/Touch/UI_Thumbstick.uexp" 1000
"C:/Users/Arzuh/Documents/Unreal Projects/Oryx/Content/Input/Touch/UI_TouchSimple.uasset" 1001
"C:/Users/Arzuh/Documents/Unreal Projects/Oryx/Content/Input/Touch/UI_TouchSimple.uexp" 1002
"C:/Users/Arzuh/Documents/Unreal Projects/Oryx/Content/Waves/BP_OryxWaveManager.uasset" 1003
"C:/Users/Arzuh/Documents/Unreal Projects/Oryx/Content/Waves/BP_OryxWaveManager.uexp" 1004
"C:/Users/Arzuh/Documents/Unreal Projects/Oryx/Content/Assets/Coins/Coins.ubulk" 1005
"C:/Users/Arzuh/Documents/Unreal Projects/Oryx/Content/Assets/Coins/Coins.uasset" 1006
"C:/Users/Arzuh/Documents/Unreal Projects/Oryx/Content/Assets/Coins/Coins.uexp" 1007
"../../../Engine/Content/Functions/Engine_MaterialFunctions02/Texturing/CustomRotator.uasset" 1008
"../../../Engine/Content/Functions/Engine_MaterialFunctions02/Texturing/CustomRotator.uexp" 1009
"../../../Engine/Content/Functions/Engine_MaterialFunctions01/Density/ExponentialDensity.uasset" 1010
"../../../Engine/Content/Functions/Engine_MaterialFunctions01/Density/ExponentialDensity.uexp" 1011
"../../../Engine/Content/Functions/Engine_MaterialFunctions01/Gradient/RadialGradientExponential.uasset" 1012
"../../../Engine/Content/Functions/Engine_MaterialFunctions01/Gradient/RadialGradientExponential.uexp" 1013
"C:/Users/Arzuh/Documents/Unreal Projects/Oryx/Content/UI/HUD/Materials/M_RadialBar_Combined.uasset" 1014
"C:/Users/Arzuh/Documents/Unreal Projects/Oryx/Content/UI/HUD/Materials/M_RadialBar_Combined.uexp" 1015
"C:/Users/Arzuh/Documents/Unreal Projects/Oryx/Content/UI/HUD/Materials/M_RadialBar_OutlineInner.uasset" 1016
"C:/Users/Arzuh/Documents/Unreal Projects/Oryx/Content/UI/HUD/Materials/M_RadialBar_OutlineInner.uexp" 1017
"C:/Users/Arzuh/Documents/Unreal Projects/Oryx/Content/UI/HUD/Materials/M_RadialBar_OutlineOuter.uasset" 1018
"C:/Users/Arzuh/Documents/Unreal Projects/Oryx/Content/UI/HUD/Materials/M_RadialBar_OutlineOuter.uexp" 1019
"C:/Users/Arzuh/Documents/Unreal Projects/Oryx/Content/UI/HUD/Materials/M_Radial_Segment_Breaks.uasset" 1020
"C:/Users/Arzuh/Documents/Unreal Projects/Oryx/Content/UI/HUD/Materials/M_Radial_Segment_Breaks.uexp" 1021
"C:/Users/Arzuh/Documents/Unreal Projects/Oryx/Content/UI/HUD/Materials/M_Radial_Start_End_Outline.uasset" 1022
"C:/Users/Arzuh/Documents/Unreal Projects/Oryx/Content/UI/HUD/Materials/M_Radial_Start_End_Outline.uexp" 1023
"C:/Users/Arzuh/Documents/Unreal Projects/Oryx/Content/UI/HUD/Widgets/WBP_InventoryIcon.uasset" 1024
"C:/Users/Arzuh/Documents/Unreal Projects/Oryx/Content/UI/HUD/Widgets/WBP_InventoryIcon.uexp" 1025
"C:/Users/Arzuh/Documents/Unreal Projects/Oryx/Content/UI/HUD/Widgets/WBP_PlayerHUD.uasset" 1026
"C:/Users/Arzuh/Documents/Unreal Projects/Oryx/Content/UI/HUD/Widgets/WBP_PlayerHUD.uexp" 1027
"C:/Users/Arzuh/Documents/Unreal Projects/Oryx/Content/Controllers/Player/BP_OryxPlayerController.uasset" 1028
"C:/Users/Arzuh/Documents/Unreal Projects/Oryx/Content/Controllers/Player/BP_OryxPlayerController.uexp" 1029
"../../../Engine/Content/EditorMeshes/EditorSphere.ubulk" 1030
"../../../Engine/Content/EditorMeshes/EditorSphere.uasset" 1031
"../../../Engine/Content/EditorMeshes/EditorSphere.uexp" 1032
"../../../Engine/Plugins/FX/Niagara/Content/DefaultAssets/DefaultSpriteMaterial.uasset" 1033
"../../../Engine/Plugins/FX/Niagara/Content/DefaultAssets/DefaultSpriteMaterial.uexp" 1034
"../../../Engine/Plugins/FX/Niagara/Content/VectorFields/Assets/TilingCurl32.uasset" 1035
"../../../Engine/Plugins/FX/Niagara/Content/VectorFields/Assets/TilingCurl32.uexp" 1036
"C:/Users/Arzuh/Documents/Unreal Projects/Oryx/Content/Assets/__AoeVFX/_GenericSource/FBX/Material/M_default.uasset" 1037
"C:/Users/Arzuh/Documents/Unreal Projects/Oryx/Content/Assets/__AoeVFX/_GenericSource/FBX/Material/M_default.uexp" 1038
"C:/Users/Arzuh/Documents/Unreal Projects/Oryx/Content/Assets/__AoeVFX/_GenericSource/FBX/SM_8Rings01_FullUV.ubulk" 1039
"C:/Users/Arzuh/Documents/Unreal Projects/Oryx/Content/Assets/__AoeVFX/_GenericSource/FBX/SM_8Rings01_FullUV.uasset" 1040
"C:/Users/Arzuh/Documents/Unreal Projects/Oryx/Content/Assets/__AoeVFX/_GenericSource/FBX/SM_8Rings01_FullUV.uexp" 1041
"../../../Engine/Content/Functions/Engine_MaterialFunctions02/Utility/Swizzle.uasset" 1042
"../../../Engine/Content/Functions/Engine_MaterialFunctions02/Utility/Swizzle.uexp" 1043
"C:/Users/Arzuh/Documents/Unreal Projects/Oryx/Content/Assets/__AoeVFX/_GenericSource/Texture/T_Vfx_BasicDot.ubulk" 1044
"C:/Users/Arzuh/Documents/Unreal Projects/Oryx/Content/Assets/__AoeVFX/_GenericSource/Texture/T_Vfx_BasicDot.uasset" 1045
"C:/Users/Arzuh/Documents/Unreal Projects/Oryx/Content/Assets/__AoeVFX/_GenericSource/Texture/T_Vfx_BasicDot.uexp" 1046
"C:/Users/Arzuh/Documents/Unreal Projects/Oryx/Content/Assets/__AoeVFX/_GenericSource/Material/M_Vfx_Basic.uasset" 1047
"C:/Users/Arzuh/Documents/Unreal Projects/Oryx/Content/Assets/__AoeVFX/_GenericSource/Material/M_Vfx_Basic.uexp" 1048
"C:/Users/Arzuh/Documents/Unreal Projects/Oryx/Content/Assets/__AoeVFX/_GenericSource/Material/MI/MI_Vfx_Basic_2Side.uasset" 1049
"C:/Users/Arzuh/Documents/Unreal Projects/Oryx/Content/Assets/__AoeVFX/_GenericSource/Material/MI/MI_Vfx_Basic_2Side.uexp" 1050
"C:/Users/Arzuh/Documents/Unreal Projects/Oryx/Content/Assets/__AoeVFX/_GenericSource/FBX/SM_cross.ubulk" 1051
"C:/Users/Arzuh/Documents/Unreal Projects/Oryx/Content/Assets/__AoeVFX/_GenericSource/FBX/SM_cross.uasset" 1052
"C:/Users/Arzuh/Documents/Unreal Projects/Oryx/Content/Assets/__AoeVFX/_GenericSource/FBX/SM_cross.uexp" 1053
"C:/Users/Arzuh/Documents/Unreal Projects/Oryx/Content/Assets/__AoeVFX/_GenericSource/SFX/GenericSoundAttenuation.uasset" 1054
"C:/Users/Arzuh/Documents/Unreal Projects/Oryx/Content/Assets/__AoeVFX/_GenericSource/SFX/GenericSoundAttenuation.uexp" 1055
"C:/Users/Arzuh/Documents/Unreal Projects/Oryx/Content/Assets/__AoeVFX/_GenericSource/FBX/SM_DisctFine.ubulk" 1056
"C:/Users/Arzuh/Documents/Unreal Projects/Oryx/Content/Assets/__AoeVFX/_GenericSource/FBX/SM_DisctFine.uasset" 1057
"C:/Users/Arzuh/Documents/Unreal Projects/Oryx/Content/Assets/__AoeVFX/_GenericSource/FBX/SM_DisctFine.uexp" 1058
"C:/Users/Arzuh/Documents/Unreal Projects/Oryx/Content/Assets/__AoeVFX/_GenericSource/SFX/Sfx_Hit_Explosion_classic_s.ubulk" 1059
"C:/Users/Arzuh/Documents/Unreal Projects/Oryx/Content/Assets/__AoeVFX/_GenericSource/SFX/Sfx_Hit_Explosion_classic_s.uasset" 1060
"C:/Users/Arzuh/Documents/Unreal Projects/Oryx/Content/Assets/__AoeVFX/_GenericSource/SFX/Sfx_Hit_Explosion_classic_s.uexp" 1061
"C:/Users/Arzuh/Documents/Unreal Projects/Oryx/Content/Assets/__AoeVFX/_GenericSource/SFX/Sfx_Hit_Explosion_classic_s_Cue2.uasset" 1062
"C:/Users/Arzuh/Documents/Unreal Projects/Oryx/Content/Assets/__AoeVFX/_GenericSource/SFX/Sfx_Hit_Explosion_classic_s_Cue2.uexp" 1063
"C:/Users/Arzuh/Documents/Unreal Projects/Oryx/Content/Assets/__AoeVFX/_GenericSource/FBX/SM_Rings01.ubulk" 1064
"C:/Users/Arzuh/Documents/Unreal Projects/Oryx/Content/Assets/__AoeVFX/_GenericSource/FBX/SM_Rings01.uasset" 1065
"C:/Users/Arzuh/Documents/Unreal Projects/Oryx/Content/Assets/__AoeVFX/_GenericSource/FBX/SM_Rings01.uexp" 1066
"C:/Users/Arzuh/Documents/Unreal Projects/Oryx/Content/Assets/__AoeVFX/_GenericSource/SFX/sfx_JetPack.ubulk" 1067
"C:/Users/Arzuh/Documents/Unreal Projects/Oryx/Content/Assets/__AoeVFX/_GenericSource/SFX/sfx_JetPack.uasset" 1068
"C:/Users/Arzuh/Documents/Unreal Projects/Oryx/Content/Assets/__AoeVFX/_GenericSource/SFX/sfx_JetPack.uexp" 1069
"C:/Users/Arzuh/Documents/Unreal Projects/Oryx/Content/Assets/__AoeVFX/_GenericSource/SFX/sfx_JetPack_Cue1.uasset" 1070
"C:/Users/Arzuh/Documents/Unreal Projects/Oryx/Content/Assets/__AoeVFX/_GenericSource/SFX/sfx_JetPack_Cue1.uexp" 1071
"C:/Users/Arzuh/Documents/Unreal Projects/Oryx/Content/Assets/__AoeVFX/_GenericSource/SFX/Sfx_Loop_AirFire.ubulk" 1072
"C:/Users/Arzuh/Documents/Unreal Projects/Oryx/Content/Assets/__AoeVFX/_GenericSource/SFX/Sfx_Loop_AirFire.uasset" 1073
"C:/Users/Arzuh/Documents/Unreal Projects/Oryx/Content/Assets/__AoeVFX/_GenericSource/SFX/Sfx_Loop_AirFire.uexp" 1074
"C:/Users/Arzuh/Documents/Unreal Projects/Oryx/Content/Assets/__AoeVFX/_GenericSource/SFX/Sfx_Loop_AirFire_Cue.uasset" 1075
"C:/Users/Arzuh/Documents/Unreal Projects/Oryx/Content/Assets/__AoeVFX/_GenericSource/SFX/Sfx_Loop_AirFire_Cue.uexp" 1076
"C:/Users/Arzuh/Documents/Unreal Projects/Oryx/Content/Assets/__AoeVFX/_GenericSource/FBX/SM_torus.ubulk" 1077
"C:/Users/Arzuh/Documents/Unreal Projects/Oryx/Content/Assets/__AoeVFX/_GenericSource/FBX/SM_torus.uasset" 1078
"C:/Users/Arzuh/Documents/Unreal Projects/Oryx/Content/Assets/__AoeVFX/_GenericSource/FBX/SM_torus.uexp" 1079
"C:/Users/Arzuh/Documents/Unreal Projects/Oryx/Content/Assets/__AoeVFX/_GenericSource/Material/MI/MI_Vfx_Basic_add_2Side.uasset" 1080
"C:/Users/Arzuh/Documents/Unreal Projects/Oryx/Content/Assets/__AoeVFX/_GenericSource/Material/MI/MI_Vfx_Basic_add_2Side.uexp" 1081
"C:/Users/Arzuh/Documents/Unreal Projects/Oryx/Content/Assets/__AoeVFX/_GenericSource/Texture/T_Vfx_Circle_06.uasset" 1082
"C:/Users/Arzuh/Documents/Unreal Projects/Oryx/Content/Assets/__AoeVFX/_GenericSource/Texture/T_Vfx_Circle_06.uexp" 1083
"C:/Users/Arzuh/Documents/Unreal Projects/Oryx/Content/Assets/__AoeVFX/_GenericSource/Material/MI/MI_Vfx_Basic_Circle_06_fade.uasset" 1084
"C:/Users/Arzuh/Documents/Unreal Projects/Oryx/Content/Assets/__AoeVFX/_GenericSource/Material/MI/MI_Vfx_Basic_Circle_06_fade.uexp" 1085
"C:/Users/Arzuh/Documents/Unreal Projects/Oryx/Content/Assets/__AoeVFX/_GenericSource/Texture/T_Vfx_Stuff_blood_02.ubulk" 1086
"C:/Users/Arzuh/Documents/Unreal Projects/Oryx/Content/Assets/__AoeVFX/_GenericSource/Texture/T_Vfx_Stuff_blood_02.uasset" 1087
"C:/Users/Arzuh/Documents/Unreal Projects/Oryx/Content/Assets/__AoeVFX/_GenericSource/Texture/T_Vfx_Stuff_blood_02.uexp" 1088
"C:/Users/Arzuh/Documents/Unreal Projects/Oryx/Content/Assets/__AoeVFX/_GenericSource/Material/MI/MI_Vfx_Basic_stuff_blood_02.uasset" 1089
"C:/Users/Arzuh/Documents/Unreal Projects/Oryx/Content/Assets/__AoeVFX/_GenericSource/Material/MI/MI_Vfx_Basic_stuff_blood_02.uexp" 1090
"../../../Engine/Content/EngineMaterials/BlendFunc_DefBase.uasset" 1091
"../../../Engine/Content/EngineMaterials/BlendFunc_DefBase.uexp" 1092
"../../../Engine/Content/EngineMaterials/BlendFunc_DefBlend.uasset" 1093
"../../../Engine/Content/EngineMaterials/BlendFunc_DefBlend.uexp" 1094
"../../../Engine/Content/Functions/Engine_MaterialFunctions03/Blends/Blend_ColorBurn.uasset" 1095
"../../../Engine/Content/Functions/Engine_MaterialFunctions03/Blends/Blend_ColorBurn.uexp" 1096
"../../../Engine/Content/Functions/Engine_MaterialFunctions03/Blends/Blend_LinearDodge.uasset" 1097
"../../../Engine/Content/Functions/Engine_MaterialFunctions03/Blends/Blend_LinearDodge.uexp" 1098
"../../../Engine/Content/Functions/Engine_MaterialFunctions02/Math/Pi.uasset" 1099
"../../../Engine/Content/Functions/Engine_MaterialFunctions02/Math/Pi.uexp" 1100
"C:/Users/Arzuh/Documents/Unreal Projects/Oryx/Content/Assets/__AoeVFX/_GenericSource/Texture/T_Vfx_CircleDot.ubulk" 1101
"C:/Users/Arzuh/Documents/Unreal Projects/Oryx/Content/Assets/__AoeVFX/_GenericSource/Texture/T_Vfx_CircleDot.uasset" 1102
"C:/Users/Arzuh/Documents/Unreal Projects/Oryx/Content/Assets/__AoeVFX/_GenericSource/Texture/T_Vfx_CircleDot.uexp" 1103
"C:/Users/Arzuh/Documents/Unreal Projects/Oryx/Content/Assets/__AoeVFX/_GenericSource/Texture/T_Vfx_Circle_Stick.ubulk" 1104
"C:/Users/Arzuh/Documents/Unreal Projects/Oryx/Content/Assets/__AoeVFX/_GenericSource/Texture/T_Vfx_Circle_Stick.uasset" 1105
"C:/Users/Arzuh/Documents/Unreal Projects/Oryx/Content/Assets/__AoeVFX/_GenericSource/Texture/T_Vfx_Circle_Stick.uexp" 1106
"C:/Users/Arzuh/Documents/Unreal Projects/Oryx/Content/Assets/__AoeVFX/_GenericSource/Texture/T_Vfx_Noise_3Distort.ubulk" 1107
"C:/Users/Arzuh/Documents/Unreal Projects/Oryx/Content/Assets/__AoeVFX/_GenericSource/Texture/T_Vfx_Noise_3Distort.uasset" 1108
"C:/Users/Arzuh/Documents/Unreal Projects/Oryx/Content/Assets/__AoeVFX/_GenericSource/Texture/T_Vfx_Noise_3Distort.uexp" 1109
"C:/Users/Arzuh/Documents/Unreal Projects/Oryx/Content/Assets/__AoeVFX/_GenericSource/Material/MF/MF_RotateVectorWithAngle.uasset" 1110
"C:/Users/Arzuh/Documents/Unreal Projects/Oryx/Content/Assets/__AoeVFX/_GenericSource/Material/MF/MF_RotateVectorWithAngle.uexp" 1111
"C:/Users/Arzuh/Documents/Unreal Projects/Oryx/Content/Assets/__AoeVFX/_GenericSource/Material/M_Vfx_DecalMark.uasset" 1112
"C:/Users/Arzuh/Documents/Unreal Projects/Oryx/Content/Assets/__AoeVFX/_GenericSource/Material/M_Vfx_DecalMark.uexp" 1113
"C:/Users/Arzuh/Documents/Unreal Projects/Oryx/Content/Assets/__AoeVFX/_GenericSource/Texture/T_Vfx_UVS_Ice.ubulk" 1114
"C:/Users/Arzuh/Documents/Unreal Projects/Oryx/Content/Assets/__AoeVFX/_GenericSource/Texture/T_Vfx_UVS_Ice.uasset" 1115
"C:/Users/Arzuh/Documents/Unreal Projects/Oryx/Content/Assets/__AoeVFX/_GenericSource/Texture/T_Vfx_UVS_Ice.uexp" 1116
"C:/Users/Arzuh/Documents/Unreal Projects/Oryx/Content/Assets/__AoeVFX/_GenericSource/Texture/T_Vfx_Noise_Perlin.ubulk" 1117
"C:/Users/Arzuh/Documents/Unreal Projects/Oryx/Content/Assets/__AoeVFX/_GenericSource/Texture/T_Vfx_Noise_Perlin.uasset" 1118
"C:/Users/Arzuh/Documents/Unreal Projects/Oryx/Content/Assets/__AoeVFX/_GenericSource/Texture/T_Vfx_Noise_Perlin.uexp" 1119
"C:/Users/Arzuh/Documents/Unreal Projects/Oryx/Content/Assets/__AoeVFX/_GenericSource/Material/MI/MI_Vfx_DecalMark_Fire.uasset" 1120
"C:/Users/Arzuh/Documents/Unreal Projects/Oryx/Content/Assets/__AoeVFX/_GenericSource/Material/MI/MI_Vfx_DecalMark_Fire.uexp" 1121
"../../../Engine/Content/Functions/Engine_MaterialFunctions02/HueShift.uasset" 1122
"../../../Engine/Content/Functions/Engine_MaterialFunctions02/HueShift.uexp" 1123
"../../../Engine/Content/Functions/Engine_MaterialFunctions02/Utility/AppendMany.uasset" 1124
"../../../Engine/Content/Functions/Engine_MaterialFunctions02/Utility/AppendMany.uexp" 1125
"../../../Engine/Content/Functions/Engine_MaterialFunctions02/Math/CreateThirdOrthogonalVector.uasset" 1126
"../../../Engine/Content/Functions/Engine_MaterialFunctions02/Math/CreateThirdOrthogonalVector.uexp" 1127
"../../../Engine/Content/Functions/Engine_MaterialFunctions02/Math/InverseTransformMatrix.uasset" 1128
"../../../Engine/Content/Functions/Engine_MaterialFunctions02/Math/InverseTransformMatrix.uexp" 1129
"../../../Engine/Content/Functions/Engine_MaterialFunctions01/Gradient/LinearGradient.uasset" 1130
"../../../Engine/Content/Functions/Engine_MaterialFunctions01/Gradient/LinearGradient.uexp" 1131
"../../../Engine/Content/Functions/Engine_MaterialFunctions01/ImageAdjustment/CheapContrast.uasset" 1132
"../../../Engine/Content/Functions/Engine_MaterialFunctions01/ImageAdjustment/CheapContrast.uexp" 1133
"../../../Engine/Content/Functions/Engine_MaterialFunctions01/Texturing/WorldAlignedTexture.uasset" 1134
"../../../Engine/Content/Functions/Engine_MaterialFunctions01/Texturing/WorldAlignedTexture.uexp" 1135
"../../../Engine/Content/Functions/Engine_MaterialFunctions02/Utility/VectorToRadialValue.uasset" 1136
"../../../Engine/Content/Functions/Engine_MaterialFunctions02/Utility/VectorToRadialValue.uexp" 1137
"../../../Engine/Content/EngineVolumetrics/Fogsheet/Materials/T_EV_BlankWhite_01.uasset" 1138
"../../../Engine/Content/EngineVolumetrics/Fogsheet/Materials/T_EV_BlankWhite_01.uexp" 1139
"../../../Engine/Content/Functions/Engine_MaterialFunctions02/Math/TransformToZVector.uasset" 1140
"../../../Engine/Content/Functions/Engine_MaterialFunctions02/Math/TransformToZVector.uexp" 1141
"../../../Engine/Content/Functions/Engine_MaterialFunctions01/Texturing/ParallaxOcclusionMapping.uasset" 1142
"../../../Engine/Content/Functions/Engine_MaterialFunctions01/Texturing/ParallaxOcclusionMapping.uexp" 1143
"C:/Users/Arzuh/Documents/Unreal Projects/Oryx/Content/Assets/__AoeVFX/_GenericSource/Texture/T_Vfx_Noise_05.ubulk" 1144
"C:/Users/Arzuh/Documents/Unreal Projects/Oryx/Content/Assets/__AoeVFX/_GenericSource/Texture/T_Vfx_Noise_05.uasset" 1145
"C:/Users/Arzuh/Documents/Unreal Projects/Oryx/Content/Assets/__AoeVFX/_GenericSource/Texture/T_Vfx_Noise_05.uexp" 1146
"C:/Users/Arzuh/Documents/Unreal Projects/Oryx/Content/Assets/__AoeVFX/_GenericSource/Texture/T_Vfx_Stuff_GroundCrack_a.ubulk" 1147
"C:/Users/Arzuh/Documents/Unreal Projects/Oryx/Content/Assets/__AoeVFX/_GenericSource/Texture/T_Vfx_Stuff_GroundCrack_a.uasset" 1148
"C:/Users/Arzuh/Documents/Unreal Projects/Oryx/Content/Assets/__AoeVFX/_GenericSource/Texture/T_Vfx_Stuff_GroundCrack_a.uexp" 1149
"C:/Users/Arzuh/Documents/Unreal Projects/Oryx/Content/Assets/__AoeVFX/_GenericSource/Texture/T_Vfx_Stuff_GroundCrack_n.ubulk" 1150
"C:/Users/Arzuh/Documents/Unreal Projects/Oryx/Content/Assets/__AoeVFX/_GenericSource/Texture/T_Vfx_Stuff_GroundCrack_n.uasset" 1151
"C:/Users/Arzuh/Documents/Unreal Projects/Oryx/Content/Assets/__AoeVFX/_GenericSource/Texture/T_Vfx_Stuff_GroundCrack_n.uexp" 1152
"C:/Users/Arzuh/Documents/Unreal Projects/Oryx/Content/Assets/__AoeVFX/_GenericSource/Texture/T_Vfx_Stuff_Rock_Basalt_D1.ubulk" 1153
"C:/Users/Arzuh/Documents/Unreal Projects/Oryx/Content/Assets/__AoeVFX/_GenericSource/Texture/T_Vfx_Stuff_Rock_Basalt_D1.uasset" 1154
"C:/Users/Arzuh/Documents/Unreal Projects/Oryx/Content/Assets/__AoeVFX/_GenericSource/Texture/T_Vfx_Stuff_Rock_Basalt_D1.uexp" 1155
"C:/Users/Arzuh/Documents/Unreal Projects/Oryx/Content/Assets/__AoeVFX/_GenericSource/Material/M_Vfx_Decal_ParallaxOcclusion_niagara.uasset" 1156
"C:/Users/Arzuh/Documents/Unreal Projects/Oryx/Content/Assets/__AoeVFX/_GenericSource/Material/M_Vfx_Decal_ParallaxOcclusion_niagara.uexp" 1157
"C:/Users/Arzuh/Documents/Unreal Projects/Oryx/Content/Assets/__AoeVFX/_GenericSource/Material/MI/MI_Vfx_Decal_ParallaxOcclusion_niagara.uasset" 1158
"C:/Users/Arzuh/Documents/Unreal Projects/Oryx/Content/Assets/__AoeVFX/_GenericSource/Material/MI/MI_Vfx_Decal_ParallaxOcclusion_niagara.uexp" 1159
"C:/Users/Arzuh/Documents/Unreal Projects/Oryx/Content/Assets/__AoeVFX/_GenericSource/Texture/T_Vfx_Noise_01.ubulk" 1160
"C:/Users/Arzuh/Documents/Unreal Projects/Oryx/Content/Assets/__AoeVFX/_GenericSource/Texture/T_Vfx_Noise_01.uasset" 1161
"C:/Users/Arzuh/Documents/Unreal Projects/Oryx/Content/Assets/__AoeVFX/_GenericSource/Texture/T_Vfx_Noise_01.uexp" 1162
"C:/Users/Arzuh/Documents/Unreal Projects/Oryx/Content/Assets/__AoeVFX/_GenericSource/Material/M_Vfx_Decal_RadialUV.uasset" 1163
"C:/Users/Arzuh/Documents/Unreal Projects/Oryx/Content/Assets/__AoeVFX/_GenericSource/Material/M_Vfx_Decal_RadialUV.uexp" 1164
"C:/Users/Arzuh/Documents/Unreal Projects/Oryx/Content/Assets/__AoeVFX/_GenericSource/Material/MI/MI_Vfx_Decal_RadialUV_Dark.uasset" 1165
"C:/Users/Arzuh/Documents/Unreal Projects/Oryx/Content/Assets/__AoeVFX/_GenericSource/Material/MI/MI_Vfx_Decal_RadialUV_Dark.uexp" 1166
"C:/Users/Arzuh/Documents/Unreal Projects/Oryx/Content/Assets/__AoeVFX/_GenericSource/Material/MI/MI_Vfx_Decal_RadialUV_Inst1.uasset" 1167
"C:/Users/Arzuh/Documents/Unreal Projects/Oryx/Content/Assets/__AoeVFX/_GenericSource/Material/MI/MI_Vfx_Decal_RadialUV_Inst1.uexp" 1168
"../../../Engine/Content/Functions/Engine_MaterialFunctions02/Utility/DitherTemporalAA.uasset" 1169
"../../../Engine/Content/Functions/Engine_MaterialFunctions02/Utility/DitherTemporalAA.uexp" 1170
"../../../Engine/Content/Functions/Engine_MaterialFunctions02/ExampleContent/Textures/flipbook.ubulk" 1171
"../../../Engine/Content/Functions/Engine_MaterialFunctions02/ExampleContent/Textures/flipbook.uasset" 1172
"../../../Engine/Content/Functions/Engine_MaterialFunctions02/ExampleContent/Textures/flipbook.uexp" 1173
"../../../Engine/Content/Functions/Engine_MaterialFunctions01/Texturing/ComputeMipLevel.uasset" 1174
"../../../Engine/Content/Functions/Engine_MaterialFunctions01/Texturing/ComputeMipLevel.uexp" 1175
"../../../Engine/Content/Functions/Engine_MaterialFunctions02/ExampleContent/Textures/DebugNumberPeriod.uasset" 1176
"../../../Engine/Content/Functions/Engine_MaterialFunctions02/ExampleContent/Textures/DebugNumberPeriod.uexp" 1177
"../../../Engine/Content/Functions/Engine_MaterialFunctions02/Utility/DebugScalarValues.uasset" 1178
"../../../Engine/Content/Functions/Engine_MaterialFunctions02/Utility/DebugScalarValues.uexp" 1179
"../../../Engine/Content/Functions/Engine_MaterialFunctions02/Utility/DebugFloat2Values.uasset" 1180
"../../../Engine/Content/Functions/Engine_MaterialFunctions02/Utility/DebugFloat2Values.uexp" 1181
"../../../Engine/Content/Functions/Engine_MaterialFunctions02/Texturing/FlipBook.uasset" 1182
"../../../Engine/Content/Functions/Engine_MaterialFunctions02/Texturing/FlipBook.uexp" 1183
"C:/Users/Arzuh/Documents/Unreal Projects/Oryx/Content/Assets/__AoeVFX/_GenericSource/Texture/T_Vfx_Stamp_firestand_88.ubulk" 1184
"C:/Users/Arzuh/Documents/Unreal Projects/Oryx/Content/Assets/__AoeVFX/_GenericSource/Texture/T_Vfx_Stamp_firestand_88.uasset" 1185
"C:/Users/Arzuh/Documents/Unreal Projects/Oryx/Content/Assets/__AoeVFX/_GenericSource/Texture/T_Vfx_Stamp_firestand_88.uexp" 1186
"C:/Users/Arzuh/Documents/Unreal Projects/Oryx/Content/Assets/__AoeVFX/_GenericSource/Material/M_Vfx_FlipBook.uasset" 1187
"C:/Users/Arzuh/Documents/Unreal Projects/Oryx/Content/Assets/__AoeVFX/_GenericSource/Material/M_Vfx_FlipBook.uexp" 1188
"C:/Users/Arzuh/Documents/Unreal Projects/Oryx/Content/Assets/__AoeVFX/_GenericSource/Texture/T_Vfx_Stamp_fireSRGB_88.ubulk" 1189
"C:/Users/Arzuh/Documents/Unreal Projects/Oryx/Content/Assets/__AoeVFX/_GenericSource/Texture/T_Vfx_Stamp_fireSRGB_88.uasset" 1190
"C:/Users/Arzuh/Documents/Unreal Projects/Oryx/Content/Assets/__AoeVFX/_GenericSource/Texture/T_Vfx_Stamp_fireSRGB_88.uexp" 1191
"C:/Users/Arzuh/Documents/Unreal Projects/Oryx/Content/Assets/__AoeVFX/_GenericSource/Material/MI/MI_Vfx_FlipBook_fireFlip_fade_slow.uasset" 1192
"C:/Users/Arzuh/Documents/Unreal Projects/Oryx/Content/Assets/__AoeVFX/_GenericSource/Material/MI/MI_Vfx_FlipBook_fireFlip_fade_slow.uexp" 1193
"C:/Users/Arzuh/Documents/Unreal Projects/Oryx/Content/Assets/__AoeVFX/_GenericSource/Material/MI/MI_Vfx_FlipBook_fireSRGBFlip_fade1.uasset" 1194
"C:/Users/Arzuh/Documents/Unreal Projects/Oryx/Content/Assets/__AoeVFX/_GenericSource/Material/MI/MI_Vfx_FlipBook_fireSRGBFlip_fade1.uexp" 1195
"C:/Users/Arzuh/Documents/Unreal Projects/Oryx/Content/Assets/__AoeVFX/_GenericSource/Texture/T_Vfx_Stamp_Fireball_18.ubulk" 1196
"C:/Users/Arzuh/Documents/Unreal Projects/Oryx/Content/Assets/__AoeVFX/_GenericSource/Texture/T_Vfx_Stamp_Fireball_18.uasset" 1197
"C:/Users/Arzuh/Documents/Unreal Projects/Oryx/Content/Assets/__AoeVFX/_GenericSource/Texture/T_Vfx_Stamp_Fireball_18.uexp" 1198
"C:/Users/Arzuh/Documents/Unreal Projects/Oryx/Content/Assets/__AoeVFX/_GenericSource/Material/MI/MI_Vfx_FlipBook_Stamp_Fireball_18.uasset" 1199
"C:/Users/Arzuh/Documents/Unreal Projects/Oryx/Content/Assets/__AoeVFX/_GenericSource/Material/MI/MI_Vfx_FlipBook_Stamp_Fireball_18.uexp" 1200
"C:/Users/Arzuh/Documents/Unreal Projects/Oryx/Content/Assets/__AoeVFX/_GenericSource/Texture/T_Vfx_Stamp_FireBurn_84.ubulk" 1201
"C:/Users/Arzuh/Documents/Unreal Projects/Oryx/Content/Assets/__AoeVFX/_GenericSource/Texture/T_Vfx_Stamp_FireBurn_84.uasset" 1202
"C:/Users/Arzuh/Documents/Unreal Projects/Oryx/Content/Assets/__AoeVFX/_GenericSource/Texture/T_Vfx_Stamp_FireBurn_84.uexp" 1203
"C:/Users/Arzuh/Documents/Unreal Projects/Oryx/Content/Assets/__AoeVFX/_GenericSource/Material/MI/MI_Vfx_FlipBook_Stamp_FireBurn_84.uasset" 1204
"C:/Users/Arzuh/Documents/Unreal Projects/Oryx/Content/Assets/__AoeVFX/_GenericSource/Material/MI/MI_Vfx_FlipBook_Stamp_FireBurn_84.uexp" 1205
"../../../Engine/Content/Functions/Engine_MaterialFunctions02/Fresnel_Function.uasset" 1206
"../../../Engine/Content/Functions/Engine_MaterialFunctions02/Fresnel_Function.uexp" 1207
"C:/Users/Arzuh/Documents/Unreal Projects/Oryx/Content/Assets/__AoeVFX/_GenericSource/Texture/T_Vfx_UVS_gale.ubulk" 1208
"C:/Users/Arzuh/Documents/Unreal Projects/Oryx/Content/Assets/__AoeVFX/_GenericSource/Texture/T_Vfx_UVS_gale.uasset" 1209
"C:/Users/Arzuh/Documents/Unreal Projects/Oryx/Content/Assets/__AoeVFX/_GenericSource/Texture/T_Vfx_UVS_gale.uexp" 1210
"C:/Users/Arzuh/Documents/Unreal Projects/Oryx/Content/Assets/__AoeVFX/_GenericSource/Texture/T_Vfx_White.uasset" 1211
"C:/Users/Arzuh/Documents/Unreal Projects/Oryx/Content/Assets/__AoeVFX/_GenericSource/Texture/T_Vfx_White.uexp" 1212
"C:/Users/Arzuh/Documents/Unreal Projects/Oryx/Content/Assets/__AoeVFX/_GenericSource/Material/M_Vfx_Gradient.uasset" 1213
"C:/Users/Arzuh/Documents/Unreal Projects/Oryx/Content/Assets/__AoeVFX/_GenericSource/Material/M_Vfx_Gradient.uexp" 1214
"C:/Users/Arzuh/Documents/Unreal Projects/Oryx/Content/Assets/__AoeVFX/_GenericSource/Texture/T_Vfx_Energy_trail_04.ubulk" 1215
"C:/Users/Arzuh/Documents/Unreal Projects/Oryx/Content/Assets/__AoeVFX/_GenericSource/Texture/T_Vfx_Energy_trail_04.uasset" 1216
"C:/Users/Arzuh/Documents/Unreal Projects/Oryx/Content/Assets/__AoeVFX/_GenericSource/Texture/T_Vfx_Energy_trail_04.uexp" 1217
"C:/Users/Arzuh/Documents/Unreal Projects/Oryx/Content/Assets/__AoeVFX/_GenericSource/Material/MI/MI_Vfx_Gradient_UVS_gale5.uasset" 1218
"C:/Users/Arzuh/Documents/Unreal Projects/Oryx/Content/Assets/__AoeVFX/_GenericSource/Material/MI/MI_Vfx_Gradient_UVS_gale5.uexp" 1219
"C:/Users/Arzuh/Documents/Unreal Projects/Oryx/Content/Assets/__AoeVFX/_GenericSource/Material/M_Vfx_Math_Fan.uasset" 1220
"C:/Users/Arzuh/Documents/Unreal Projects/Oryx/Content/Assets/__AoeVFX/_GenericSource/Material/M_Vfx_Math_Fan.uexp" 1221
"C:/Users/Arzuh/Documents/Unreal Projects/Oryx/Content/Assets/__AoeVFX/_GenericSource/Material/MI/MI_Vfx_Math_Fan_3.uasset" 1222
"C:/Users/Arzuh/Documents/Unreal Projects/Oryx/Content/Assets/__AoeVFX/_GenericSource/Material/MI/MI_Vfx_Math_Fan_3.uexp" 1223
"C:/Users/Arzuh/Documents/Unreal Projects/Oryx/Content/Assets/__AoeVFX/_GenericSource/Texture/T_Vfx_stamp_fog4_88.ubulk" 1224
"C:/Users/Arzuh/Documents/Unreal Projects/Oryx/Content/Assets/__AoeVFX/_GenericSource/Texture/T_Vfx_stamp_fog4_88.uasset" 1225
"C:/Users/Arzuh/Documents/Unreal Projects/Oryx/Content/Assets/__AoeVFX/_GenericSource/Texture/T_Vfx_stamp_fog4_88.uexp" 1226
"C:/Users/Arzuh/Documents/Unreal Projects/Oryx/Content/Assets/__AoeVFX/_GenericSource/Material/M_Vfx_ParticleSubUV.uasset" 1227
"C:/Users/Arzuh/Documents/Unreal Projects/Oryx/Content/Assets/__AoeVFX/_GenericSource/Material/M_Vfx_ParticleSubUV.uexp" 1228
"C:/Users/Arzuh/Documents/Unreal Projects/Oryx/Content/Assets/__AoeVFX/_GenericSource/Texture/T_Vfx_stamp_fog3_88.ubulk" 1229
"C:/Users/Arzuh/Documents/Unreal Projects/Oryx/Content/Assets/__AoeVFX/_GenericSource/Texture/T_Vfx_stamp_fog3_88.uasset" 1230
"C:/Users/Arzuh/Documents/Unreal Projects/Oryx/Content/Assets/__AoeVFX/_GenericSource/Texture/T_Vfx_stamp_fog3_88.uexp" 1231
"C:/Users/Arzuh/Documents/Unreal Projects/Oryx/Content/Assets/__AoeVFX/_GenericSource/Material/MI/MI_Vfx_ParticleSubUV_fog03_88_fade.uasset" 1232
"C:/Users/Arzuh/Documents/Unreal Projects/Oryx/Content/Assets/__AoeVFX/_GenericSource/Material/MI/MI_Vfx_ParticleSubUV_fog03_88_fade.uexp" 1233
"C:/Users/Arzuh/Documents/Unreal Projects/Oryx/Content/Assets/__AoeVFX/_GenericSource/Texture/T_Vfx_Stamp_GroundFog_34.uasset" 1234
"C:/Users/Arzuh/Documents/Unreal Projects/Oryx/Content/Assets/__AoeVFX/_GenericSource/Texture/T_Vfx_Stamp_GroundFog_34.uexp" 1235
"C:/Users/Arzuh/Documents/Unreal Projects/Oryx/Content/Assets/__AoeVFX/_GenericSource/Material/MI/MI_Vfx_ParticleSubUV_Stamp_GroundFog_34.uasset" 1236
"C:/Users/Arzuh/Documents/Unreal Projects/Oryx/Content/Assets/__AoeVFX/_GenericSource/Material/MI/MI_Vfx_ParticleSubUV_Stamp_GroundFog_34.uexp" 1237
"C:/Users/Arzuh/Documents/Unreal Projects/Oryx/Content/Assets/__AoeVFX/_GenericSource/Texture/T_Vfx_Stamp_ToonSlash_44.ubulk" 1238
"C:/Users/Arzuh/Documents/Unreal Projects/Oryx/Content/Assets/__AoeVFX/_GenericSource/Texture/T_Vfx_Stamp_ToonSlash_44.uasset" 1239
"C:/Users/Arzuh/Documents/Unreal Projects/Oryx/Content/Assets/__AoeVFX/_GenericSource/Texture/T_Vfx_Stamp_ToonSlash_44.uexp" 1240
"C:/Users/Arzuh/Documents/Unreal Projects/Oryx/Content/Assets/__AoeVFX/_GenericSource/Material/M_Vfx_Slash_DiscStamp.uasset" 1241
"C:/Users/Arzuh/Documents/Unreal Projects/Oryx/Content/Assets/__AoeVFX/_GenericSource/Material/M_Vfx_Slash_DiscStamp.uexp" 1242
"C:/Users/Arzuh/Documents/Unreal Projects/Oryx/Content/Assets/__AoeVFX/_GenericSource/Material/MI/MI_Vfx_Slash_DiscStamp_Axe.uasset" 1243
"C:/Users/Arzuh/Documents/Unreal Projects/Oryx/Content/Assets/__AoeVFX/_GenericSource/Material/MI/MI_Vfx_Slash_DiscStamp_Axe.uexp" 1244
"C:/Users/Arzuh/Documents/Unreal Projects/Oryx/Content/Assets/__AoeVFX/_GenericSource/Texture/T_Vfx_Noise_02.ubulk" 1245
"C:/Users/Arzuh/Documents/Unreal Projects/Oryx/Content/Assets/__AoeVFX/_GenericSource/Texture/T_Vfx_Noise_02.uasset" 1246
"C:/Users/Arzuh/Documents/Unreal Projects/Oryx/Content/Assets/__AoeVFX/_GenericSource/Texture/T_Vfx_Noise_02.uexp" 1247
"C:/Users/Arzuh/Documents/Unreal Projects/Oryx/Content/Assets/__AoeVFX/_GenericSource/Material/M_Vfx_Slash_Torus.uasset" 1248
"C:/Users/Arzuh/Documents/Unreal Projects/Oryx/Content/Assets/__AoeVFX/_GenericSource/Material/M_Vfx_Slash_Torus.uexp" 1249
"C:/Users/Arzuh/Documents/Unreal Projects/Oryx/Content/Assets/__AoeVFX/_GenericSource/Material/MI/MI_Vfx_Slash_Torus_Axe.uasset" 1250
"C:/Users/Arzuh/Documents/Unreal Projects/Oryx/Content/Assets/__AoeVFX/_GenericSource/Material/MI/MI_Vfx_Slash_Torus_Axe.uexp" 1251
"../../../Engine/Content/Functions/Engine_MaterialFunctions01/ImageAdjustment/3ColorBlend.uasset" 1252
"../../../Engine/Content/Functions/Engine_MaterialFunctions01/ImageAdjustment/3ColorBlend.uexp" 1253
"C:/Users/Arzuh/Documents/Unreal Projects/Oryx/Content/Assets/__AoeVFX/_GenericSource/Texture/T_Vfx_Noise_cloudy.ubulk" 1254
"C:/Users/Arzuh/Documents/Unreal Projects/Oryx/Content/Assets/__AoeVFX/_GenericSource/Texture/T_Vfx_Noise_cloudy.uasset" 1255
"C:/Users/Arzuh/Documents/Unreal Projects/Oryx/Content/Assets/__AoeVFX/_GenericSource/Texture/T_Vfx_Noise_cloudy.uexp" 1256
"C:/Users/Arzuh/Documents/Unreal Projects/Oryx/Content/Assets/__AoeVFX/_GenericSource/Texture/T_Vfx_Dots_dense.ubulk" 1257
"C:/Users/Arzuh/Documents/Unreal Projects/Oryx/Content/Assets/__AoeVFX/_GenericSource/Texture/T_Vfx_Dots_dense.uasset" 1258
"C:/Users/Arzuh/Documents/Unreal Projects/Oryx/Content/Assets/__AoeVFX/_GenericSource/Texture/T_Vfx_Dots_dense.uexp" 1259
"C:/Users/Arzuh/Documents/Unreal Projects/Oryx/Content/Assets/__AoeVFX/_GenericSource/Texture/T_Vfx_Noise_fire04.ubulk" 1260
"C:/Users/Arzuh/Documents/Unreal Projects/Oryx/Content/Assets/__AoeVFX/_GenericSource/Texture/T_Vfx_Noise_fire04.uasset" 1261
"C:/Users/Arzuh/Documents/Unreal Projects/Oryx/Content/Assets/__AoeVFX/_GenericSource/Texture/T_Vfx_Noise_fire04.uexp" 1262
"C:/Users/Arzuh/Documents/Unreal Projects/Oryx/Content/Assets/__AoeVFX/_GenericSource/Material/M_Vfx_Stuff_Fang_Blood.uasset" 1263
"C:/Users/Arzuh/Documents/Unreal Projects/Oryx/Content/Assets/__AoeVFX/_GenericSource/Material/M_Vfx_Stuff_Fang_Blood.uexp" 1264
"C:/Users/Arzuh/Documents/Unreal Projects/Oryx/Content/Assets/__AoeVFX/_GenericSource/Material/MI/MI_Vfx_Stuff_Fang_Blood_Inst.uasset" 1265
"C:/Users/Arzuh/Documents/Unreal Projects/Oryx/Content/Assets/__AoeVFX/_GenericSource/Material/MI/MI_Vfx_Stuff_Fang_Blood_Inst.uexp" 1266
"../../../Engine/Content/Functions/Engine_MaterialFunctions02/ValueStep.uasset" 1267
"../../../Engine/Content/Functions/Engine_MaterialFunctions02/ValueStep.uexp" 1268
"C:/Users/Arzuh/Documents/Unreal Projects/Oryx/Content/Assets/__AoeVFX/_GenericSource/Texture/T_Vfx_Noise_caustic_02.ubulk" 1269
"C:/Users/Arzuh/Documents/Unreal Projects/Oryx/Content/Assets/__AoeVFX/_GenericSource/Texture/T_Vfx_Noise_caustic_02.uasset" 1270
"C:/Users/Arzuh/Documents/Unreal Projects/Oryx/Content/Assets/__AoeVFX/_GenericSource/Texture/T_Vfx_Noise_caustic_02.uexp" 1271
"C:/Users/Arzuh/Documents/Unreal Projects/Oryx/Content/Assets/__AoeVFX/_GenericSource/Material/M_Vfx_VertexShaderTornado.uasset" 1272
"C:/Users/Arzuh/Documents/Unreal Projects/Oryx/Content/Assets/__AoeVFX/_GenericSource/Material/M_Vfx_VertexShaderTornado.uexp" 1273
"C:/Users/Arzuh/Documents/Unreal Projects/Oryx/Content/Assets/__AoeVFX/_GenericSource/Material/MI/MI_Vfx_VertexShaderTornado_vertex.uasset" 1274
"C:/Users/Arzuh/Documents/Unreal Projects/Oryx/Content/Assets/__AoeVFX/_GenericSource/Material/MI/MI_Vfx_VertexShaderTornado_vertex.uexp" 1275
"C:/Users/Arzuh/Documents/Unreal Projects/Oryx/Content/Assets/__AoeVFX/_GenericSource/Texture/T_Vfx_Noise_disflow_07.ubulk" 1276
"C:/Users/Arzuh/Documents/Unreal Projects/Oryx/Content/Assets/__AoeVFX/_GenericSource/Texture/T_Vfx_Noise_disflow_07.uasset" 1277
"C:/Users/Arzuh/Documents/Unreal Projects/Oryx/Content/Assets/__AoeVFX/_GenericSource/Texture/T_Vfx_Noise_disflow_07.uexp" 1278
"C:/Users/Arzuh/Documents/Unreal Projects/Oryx/Content/Assets/__AoeVFX/_GenericSource/Material/MI/MI_Vfx_VertexShaderTornado_vertex1.uasset" 1279
"C:/Users/Arzuh/Documents/Unreal Projects/Oryx/Content/Assets/__AoeVFX/_GenericSource/Material/MI/MI_Vfx_VertexShaderTornado_vertex1.uexp" 1280
"C:/Users/Arzuh/Documents/Unreal Projects/Oryx/Content/Assets/__AoeVFX/_GenericSource/Texture/T_Vfx_Noise_Dissolve.ubulk" 1281
"C:/Users/Arzuh/Documents/Unreal Projects/Oryx/Content/Assets/__AoeVFX/_GenericSource/Texture/T_Vfx_Noise_Dissolve.uasset" 1282
"C:/Users/Arzuh/Documents/Unreal Projects/Oryx/Content/Assets/__AoeVFX/_GenericSource/Texture/T_Vfx_Noise_Dissolve.uexp" 1283
"C:/Users/Arzuh/Documents/Unreal Projects/Oryx/Content/Assets/__AoeVFX/_GenericSource/Material/MI/MI_Vfx_VertexShaderTornado_vertex2.uasset" 1284
"C:/Users/Arzuh/Documents/Unreal Projects/Oryx/Content/Assets/__AoeVFX/_GenericSource/Material/MI/MI_Vfx_VertexShaderTornado_vertex2.uexp" 1285
"C:/Users/Arzuh/Documents/Unreal Projects/Oryx/Content/Assets/__AoeVFX/NS/NS_AOE_BlazeBlast.uasset" 1286
"C:/Users/Arzuh/Documents/Unreal Projects/Oryx/Content/Assets/__AoeVFX/NS/NS_AOE_BlazeBlast.uexp" 1287
"C:/Users/Arzuh/Documents/Unreal Projects/Oryx/Content/Abilities/BP_Ability_AOE_Blaze.uasset" 1288
"C:/Users/Arzuh/Documents/Unreal Projects/Oryx/Content/Abilities/BP_Ability_AOE_Blaze.uexp" 1289
"C:/Users/Arzuh/Documents/Unreal Projects/Oryx/Content/Assets/__AoeVFX/_GenericSource/FBX/SM_CylinderWrapNoise17Twist430_Variation_WeastSwell.ubulk" 1290
"C:/Users/Arzuh/Documents/Unreal Projects/Oryx/Content/Assets/__AoeVFX/_GenericSource/FBX/SM_CylinderWrapNoise17Twist430_Variation_WeastSwell.uasset" 1291
"C:/Users/Arzuh/Documents/Unreal Projects/Oryx/Content/Assets/__AoeVFX/_GenericSource/FBX/SM_CylinderWrapNoise17Twist430_Variation_WeastSwell.uexp" 1292
"C:/Users/Arzuh/Documents/Unreal Projects/Oryx/Content/Assets/__AoeVFX/_GenericSource/FBX/SM_CylinderWrapNoise17Twist_waistSwell_upper.ubulk" 1293
"C:/Users/Arzuh/Documents/Unreal Projects/Oryx/Content/Assets/__AoeVFX/_GenericSource/FBX/SM_CylinderWrapNoise17Twist_waistSwell_upper.uasset" 1294
"C:/Users/Arzuh/Documents/Unreal Projects/Oryx/Content/Assets/__AoeVFX/_GenericSource/FBX/SM_CylinderWrapNoise17Twist_waistSwell_upper.uexp" 1295
"C:/Users/Arzuh/Documents/Unreal Projects/Oryx/Content/Assets/__AoeVFX/_GenericSource/Material/M_Vfx_HemiSphere_SpeedLIne.uasset" 1296
"C:/Users/Arzuh/Documents/Unreal Projects/Oryx/Content/Assets/__AoeVFX/_GenericSource/Material/M_Vfx_HemiSphere_SpeedLIne.uexp" 1297
"C:/Users/Arzuh/Documents/Unreal Projects/Oryx/Content/Assets/__AoeVFX/_GenericSource/FBX/SM_HemiSphereHD.ubulk" 1298
"C:/Users/Arzuh/Documents/Unreal Projects/Oryx/Content/Assets/__AoeVFX/_GenericSource/FBX/SM_HemiSphereHD.uasset" 1299
"C:/Users/Arzuh/Documents/Unreal Projects/Oryx/Content/Assets/__AoeVFX/_GenericSource/FBX/SM_HemiSphereHD.uexp" 1300
"C:/Users/Arzuh/Documents/Unreal Projects/Oryx/Content/Assets/__AoeVFX/_GenericSource/FBX/SM_SpiralStreak_prolong_Thick_UV_Smooth_new.ubulk" 1301
"C:/Users/Arzuh/Documents/Unreal Projects/Oryx/Content/Assets/__AoeVFX/_GenericSource/FBX/SM_SpiralStreak_prolong_Thick_UV_Smooth_new.uasset" 1302
"C:/Users/Arzuh/Documents/Unreal Projects/Oryx/Content/Assets/__AoeVFX/_GenericSource/FBX/SM_SpiralStreak_prolong_Thick_UV_Smooth_new.uexp" 1303
"C:/Users/Arzuh/Documents/Unreal Projects/Oryx/Content/Assets/__AoeVFX/_GenericSource/SFX/Sfx_Loop_waterWind.ubulk" 1304
"C:/Users/Arzuh/Documents/Unreal Projects/Oryx/Content/Assets/__AoeVFX/_GenericSource/SFX/Sfx_Loop_waterWind.uasset" 1305
"C:/Users/Arzuh/Documents/Unreal Projects/Oryx/Content/Assets/__AoeVFX/_GenericSource/SFX/Sfx_Loop_waterWind.uexp" 1306
"C:/Users/Arzuh/Documents/Unreal Projects/Oryx/Content/Assets/__AoeVFX/_GenericSource/SFX/Sfx_Loop_waterWind_Cue2.uasset" 1307
"C:/Users/Arzuh/Documents/Unreal Projects/Oryx/Content/Assets/__AoeVFX/_GenericSource/SFX/Sfx_Loop_waterWind_Cue2.uexp" 1308
"../../../Engine/Content/Functions/Engine_MaterialFunctions03/Blends/Blend_LinearBurn.uasset" 1309
"../../../Engine/Content/Functions/Engine_MaterialFunctions03/Blends/Blend_LinearBurn.uexp" 1310
"C:/Users/Arzuh/Documents/Unreal Projects/Oryx/Content/Assets/__AoeVFX/_GenericSource/Texture/T_Vfx_Noise_07.ubulk" 1311
"C:/Users/Arzuh/Documents/Unreal Projects/Oryx/Content/Assets/__AoeVFX/_GenericSource/Texture/T_Vfx_Noise_07.uasset" 1312
"C:/Users/Arzuh/Documents/Unreal Projects/Oryx/Content/Assets/__AoeVFX/_GenericSource/Texture/T_Vfx_Noise_07.uexp" 1313
"C:/Users/Arzuh/Documents/Unreal Projects/Oryx/Content/Assets/__AoeVFX/_GenericSource/Texture/T_Vfx_UVS_Eletric_02.ubulk" 1314
"C:/Users/Arzuh/Documents/Unreal Projects/Oryx/Content/Assets/__AoeVFX/_GenericSource/Texture/T_Vfx_UVS_Eletric_02.uasset" 1315
"C:/Users/Arzuh/Documents/Unreal Projects/Oryx/Content/Assets/__AoeVFX/_GenericSource/Texture/T_Vfx_UVS_Eletric_02.uexp" 1316
"C:/Users/Arzuh/Documents/Unreal Projects/Oryx/Content/Assets/__AoeVFX/_GenericSource/Texture/T_Vfx_UVS_SoundWave.ubulk" 1317
"C:/Users/Arzuh/Documents/Unreal Projects/Oryx/Content/Assets/__AoeVFX/_GenericSource/Texture/T_Vfx_UVS_SoundWave.uasset" 1318
"C:/Users/Arzuh/Documents/Unreal Projects/Oryx/Content/Assets/__AoeVFX/_GenericSource/Texture/T_Vfx_UVS_SoundWave.uexp" 1319
"C:/Users/Arzuh/Documents/Unreal Projects/Oryx/Content/Assets/__AoeVFX/_GenericSource/Material/M_Vfx_Basic_Pan.uasset" 1320
"C:/Users/Arzuh/Documents/Unreal Projects/Oryx/Content/Assets/__AoeVFX/_GenericSource/Material/M_Vfx_Basic_Pan.uexp" 1321
"C:/Users/Arzuh/Documents/Unreal Projects/Oryx/Content/Assets/__AoeVFX/_GenericSource/Material/MI/MI_Vfx_Basic_Pan_Water1.uasset" 1322
"C:/Users/Arzuh/Documents/Unreal Projects/Oryx/Content/Assets/__AoeVFX/_GenericSource/Material/MI/MI_Vfx_Basic_Pan_Water1.uexp" 1323
"C:/Users/Arzuh/Documents/Unreal Projects/Oryx/Content/Assets/__AoeVFX/_GenericSource/Material/MI/MI_Vfx_DecalMark_freeze.uasset" 1324
"C:/Users/Arzuh/Documents/Unreal Projects/Oryx/Content/Assets/__AoeVFX/_GenericSource/Material/MI/MI_Vfx_DecalMark_freeze.uexp" 1325
"C:/Users/Arzuh/Documents/Unreal Projects/Oryx/Content/Assets/__AoeVFX/_GenericSource/Texture/T_Vfx_Noise_Cloud.ubulk" 1326
"C:/Users/Arzuh/Documents/Unreal Projects/Oryx/Content/Assets/__AoeVFX/_GenericSource/Texture/T_Vfx_Noise_Cloud.uasset" 1327
"C:/Users/Arzuh/Documents/Unreal Projects/Oryx/Content/Assets/__AoeVFX/_GenericSource/Texture/T_Vfx_Noise_Cloud.uexp" 1328
"C:/Users/Arzuh/Documents/Unreal Projects/Oryx/Content/Assets/__AoeVFX/_GenericSource/Material/M_Vfx_Decal_RadialDistortUV.uasset" 1329
"C:/Users/Arzuh/Documents/Unreal Projects/Oryx/Content/Assets/__AoeVFX/_GenericSource/Material/M_Vfx_Decal_RadialDistortUV.uexp" 1330
"C:/Users/Arzuh/Documents/Unreal Projects/Oryx/Content/Assets/__AoeVFX/_GenericSource/Material/MI/MI_Vfx_Decal_RadialDistortUV_Iightning1.uasset" 1331
"C:/Users/Arzuh/Documents/Unreal Projects/Oryx/Content/Assets/__AoeVFX/_GenericSource/Material/MI/MI_Vfx_Decal_RadialDistortUV_Iightning1.uexp" 1332
"C:/Users/Arzuh/Documents/Unreal Projects/Oryx/Content/Assets/__AoeVFX/_GenericSource/Material/MI/MI_Vfx_Decal_RadialUV_water.uasset" 1333
"C:/Users/Arzuh/Documents/Unreal Projects/Oryx/Content/Assets/__AoeVFX/_GenericSource/Material/MI/MI_Vfx_Decal_RadialUV_water.uexp" 1334
"C:/Users/Arzuh/Documents/Unreal Projects/Oryx/Content/Assets/__AoeVFX/_GenericSource/Material/M_Vfx_FocusBelt.uasset" 1335
"C:/Users/Arzuh/Documents/Unreal Projects/Oryx/Content/Assets/__AoeVFX/_GenericSource/Material/M_Vfx_FocusBelt.uexp" 1336
"C:/Users/Arzuh/Documents/Unreal Projects/Oryx/Content/Assets/__AoeVFX/_GenericSource/Material/MI/MI_Vfx_FocusBelt_NoFade.uasset" 1337
"C:/Users/Arzuh/Documents/Unreal Projects/Oryx/Content/Assets/__AoeVFX/_GenericSource/Material/MI/MI_Vfx_FocusBelt_NoFade.uexp" 1338
"C:/Users/Arzuh/Documents/Unreal Projects/Oryx/Content/Assets/__AoeVFX/_GenericSource/Material/MI/MI_Vfx_Gradient_UVS_gale7.uasset" 1339
"C:/Users/Arzuh/Documents/Unreal Projects/Oryx/Content/Assets/__AoeVFX/_GenericSource/Material/MI/MI_Vfx_Gradient_UVS_gale7.uexp" 1340
"C:/Users/Arzuh/Documents/Unreal Projects/Oryx/Content/Assets/__AoeVFX/_GenericSource/Material/MI/MI_Vfx_ParticleSubUV_fog03_88.uasset" 1341
"C:/Users/Arzuh/Documents/Unreal Projects/Oryx/Content/Assets/__AoeVFX/_GenericSource/Material/MI/MI_Vfx_ParticleSubUV_fog03_88.uexp" 1342
"C:/Users/Arzuh/Documents/Unreal Projects/Oryx/Content/Assets/__AoeVFX/_GenericSource/Material/MI/MI_Vfx_ParticleSubUV_fog03_88_add.uasset" 1343
"C:/Users/Arzuh/Documents/Unreal Projects/Oryx/Content/Assets/__AoeVFX/_GenericSource/Material/MI/MI_Vfx_ParticleSubUV_fog03_88_add.uexp" 1344
"C:/Users/Arzuh/Documents/Unreal Projects/Oryx/Content/Assets/__AoeVFX/_GenericSource/Texture/T_Vfx_Stamp_IceFlower_61.uasset" 1345
"C:/Users/Arzuh/Documents/Unreal Projects/Oryx/Content/Assets/__AoeVFX/_GenericSource/Texture/T_Vfx_Stamp_IceFlower_61.uexp" 1346
"C:/Users/Arzuh/Documents/Unreal Projects/Oryx/Content/Assets/__AoeVFX/_GenericSource/Material/MI/MI_Vfx_ParticleSubUV_Stamp_IceFlower_61.uasset" 1347
"C:/Users/Arzuh/Documents/Unreal Projects/Oryx/Content/Assets/__AoeVFX/_GenericSource/Material/MI/MI_Vfx_ParticleSubUV_Stamp_IceFlower_61.uexp" 1348
"C:/Users/Arzuh/Documents/Unreal Projects/Oryx/Content/Assets/__AoeVFX/_GenericSource/Material/M_Vfx_VertexShaderTornado_DistortUV.uasset" 1349
"C:/Users/Arzuh/Documents/Unreal Projects/Oryx/Content/Assets/__AoeVFX/_GenericSource/Material/M_Vfx_VertexShaderTornado_DistortUV.uexp" 1350
"C:/Users/Arzuh/Documents/Unreal Projects/Oryx/Content/Assets/__AoeVFX/_GenericSource/Texture/T_Vfx_Noise_averge.ubulk" 1351
"C:/Users/Arzuh/Documents/Unreal Projects/Oryx/Content/Assets/__AoeVFX/_GenericSource/Texture/T_Vfx_Noise_averge.uasset" 1352
"C:/Users/Arzuh/Documents/Unreal Projects/Oryx/Content/Assets/__AoeVFX/_GenericSource/Texture/T_Vfx_Noise_averge.uexp" 1353
"C:/Users/Arzuh/Documents/Unreal Projects/Oryx/Content/Assets/__AoeVFX/_GenericSource/Material/MI/MI_Vfx_VertexShaderTornado_DistortUV_Dark1.uasset" 1354
"C:/Users/Arzuh/Documents/Unreal Projects/Oryx/Content/Assets/__AoeVFX/_GenericSource/Material/MI/MI_Vfx_VertexShaderTornado_DistortUV_Dark1.uexp" 1355
"C:/Users/Arzuh/Documents/Unreal Projects/Oryx/Content/Assets/__AoeVFX/_GenericSource/Material/MI/MI_Vfx_VertexShaderTornado_DistortUV_Dark2.uasset" 1356
"C:/Users/Arzuh/Documents/Unreal Projects/Oryx/Content/Assets/__AoeVFX/_GenericSource/Material/MI/MI_Vfx_VertexShaderTornado_DistortUV_Dark2.uexp" 1357
"C:/Users/Arzuh/Documents/Unreal Projects/Oryx/Content/Assets/__AoeVFX/_GenericSource/Material/MI/MI_Vfx_VertexShaderTornado_DistortUV_IightningCap1.uasset" 1358
"C:/Users/Arzuh/Documents/Unreal Projects/Oryx/Content/Assets/__AoeVFX/_GenericSource/Material/MI/MI_Vfx_VertexShaderTornado_DistortUV_IightningCap1.uexp" 1359
"C:/Users/Arzuh/Documents/Unreal Projects/Oryx/Content/Assets/__AoeVFX/_GenericSource/Material/MI/MI_Vfx_VertexShaderTornado_DistortUV_Wind.uasset" 1360
"C:/Users/Arzuh/Documents/Unreal Projects/Oryx/Content/Assets/__AoeVFX/_GenericSource/Material/MI/MI_Vfx_VertexShaderTornado_DistortUV_Wind.uexp" 1361
"C:/Users/Arzuh/Documents/Unreal Projects/Oryx/Content/Assets/__AoeVFX/NS/NS_AOE_Blizzard.uasset" 1362
"C:/Users/Arzuh/Documents/Unreal Projects/Oryx/Content/Assets/__AoeVFX/NS/NS_AOE_Blizzard.uexp" 1363
"C:/Users/Arzuh/Documents/Unreal Projects/Oryx/Content/Abilities/BP_Ability_AOE_Blizzard.uasset" 1364
"C:/Users/Arzuh/Documents/Unreal Projects/Oryx/Content/Abilities/BP_Ability_AOE_Blizzard.uexp" 1365
"C:/Users/Arzuh/Documents/Unreal Projects/Oryx/Content/Assets/__AoeVFX/_GenericSource/Texture/T_Vfx_Stamp_Smoke02_88.ubulk" 1366
"C:/Users/Arzuh/Documents/Unreal Projects/Oryx/Content/Assets/__AoeVFX/_GenericSource/Texture/T_Vfx_Stamp_Smoke02_88.uasset" 1367
"C:/Users/Arzuh/Documents/Unreal Projects/Oryx/Content/Assets/__AoeVFX/_GenericSource/Texture/T_Vfx_Stamp_Smoke02_88.uexp" 1368
"C:/Users/Arzuh/Documents/Unreal Projects/Oryx/Content/Assets/__AoeVFX/_GenericSource/Material/MI/MI_Vfx_ParticleSubUV_Stamp_Smoke02_88.uasset" 1369
"C:/Users/Arzuh/Documents/Unreal Projects/Oryx/Content/Assets/__AoeVFX/_GenericSource/Material/MI/MI_Vfx_ParticleSubUV_Stamp_Smoke02_88.uexp" 1370
"C:/Users/Arzuh/Documents/Unreal Projects/Oryx/Content/Assets/__AoeVFX/_GenericSource/Texture/T_Vfx_Stuff_arrow_01.ubulk" 1371
"C:/Users/Arzuh/Documents/Unreal Projects/Oryx/Content/Assets/__AoeVFX/_GenericSource/Texture/T_Vfx_Stuff_arrow_01.uasset" 1372
"C:/Users/Arzuh/Documents/Unreal Projects/Oryx/Content/Assets/__AoeVFX/_GenericSource/Texture/T_Vfx_Stuff_arrow_01.uexp" 1373
"C:/Users/Arzuh/Documents/Unreal Projects/Oryx/Content/Assets/__AoeVFX/_GenericSource/Material/MI/MI_Vfx_Basic_Stuff_arrow_01.uasset" 1374
"C:/Users/Arzuh/Documents/Unreal Projects/Oryx/Content/Assets/__AoeVFX/_GenericSource/Material/MI/MI_Vfx_Basic_Stuff_arrow_01.uexp" 1375
"C:/Users/Arzuh/Documents/Unreal Projects/Oryx/Content/Assets/__AoeVFX/_GenericSource/FBX/SM_2Plane.ubulk" 1376
"C:/Users/Arzuh/Documents/Unreal Projects/Oryx/Content/Assets/__AoeVFX/_GenericSource/FBX/SM_2Plane.uasset" 1377
"C:/Users/Arzuh/Documents/Unreal Projects/Oryx/Content/Assets/__AoeVFX/_GenericSource/FBX/SM_2Plane.uexp" 1378
"C:/Users/Arzuh/Documents/Unreal Projects/Oryx/Content/Assets/__AoeVFX/_GenericSource/FBX/SM_Sphere_83E4BDC6.ubulk" 1379
"C:/Users/Arzuh/Documents/Unreal Projects/Oryx/Content/Assets/__AoeVFX/_GenericSource/FBX/SM_Sphere_83E4BDC6.uasset" 1380
"C:/Users/Arzuh/Documents/Unreal Projects/Oryx/Content/Assets/__AoeVFX/_GenericSource/FBX/SM_Sphere_83E4BDC6.uexp" 1381
"C:/Users/Arzuh/Documents/Unreal Projects/Oryx/Content/Assets/__AoeVFX/_GenericSource/SFX/Sfx_shoot_arrow_01.ubulk" 1382
"C:/Users/Arzuh/Documents/Unreal Projects/Oryx/Content/Assets/__AoeVFX/_GenericSource/SFX/Sfx_shoot_arrow_01.uasset" 1383
"C:/Users/Arzuh/Documents/Unreal Projects/Oryx/Content/Assets/__AoeVFX/_GenericSource/SFX/Sfx_shoot_arrow_01.uexp" 1384
"C:/Users/Arzuh/Documents/Unreal Projects/Oryx/Content/Assets/__AoeVFX/_GenericSource/SFX/Sfx_shoot_arrow_01_Cue.uasset" 1385
"C:/Users/Arzuh/Documents/Unreal Projects/Oryx/Content/Assets/__AoeVFX/_GenericSource/SFX/Sfx_shoot_arrow_01_Cue.uexp" 1386
"C:/Users/Arzuh/Documents/Unreal Projects/Oryx/Content/Assets/__AoeVFX/_GenericSource/Material/MI/MI_Vfx_Basic_Stuff_arrow_02.uasset" 1387
"C:/Users/Arzuh/Documents/Unreal Projects/Oryx/Content/Assets/__AoeVFX/_GenericSource/Material/MI/MI_Vfx_Basic_Stuff_arrow_02.uexp" 1388
"C:/Users/Arzuh/Documents/Unreal Projects/Oryx/Content/Assets/__AoeVFX/_GenericSource/Texture/T_Vfx_Stuff_sword_01.ubulk" 1389
"C:/Users/Arzuh/Documents/Unreal Projects/Oryx/Content/Assets/__AoeVFX/_GenericSource/Texture/T_Vfx_Stuff_sword_01.uasset" 1390
"C:/Users/Arzuh/Documents/Unreal Projects/Oryx/Content/Assets/__AoeVFX/_GenericSource/Texture/T_Vfx_Stuff_sword_01.uexp" 1391
"C:/Users/Arzuh/Documents/Unreal Projects/Oryx/Content/Assets/__AoeVFX/_GenericSource/Material/MI/MI_Vfx_Basic_Stuff_Stuff_sword_01.uasset" 1392
"C:/Users/Arzuh/Documents/Unreal Projects/Oryx/Content/Assets/__AoeVFX/_GenericSource/Material/MI/MI_Vfx_Basic_Stuff_Stuff_sword_01.uexp" 1393
"C:/Users/Arzuh/Documents/Unreal Projects/Oryx/Content/Assets/__AoeVFX/_GenericSource/Texture/T_Vfx_Ground_Cave.ubulk" 1394
"C:/Users/Arzuh/Documents/Unreal Projects/Oryx/Content/Assets/__AoeVFX/_GenericSource/Texture/T_Vfx_Ground_Cave.uasset" 1395
"C:/Users/Arzuh/Documents/Unreal Projects/Oryx/Content/Assets/__AoeVFX/_GenericSource/Texture/T_Vfx_Ground_Cave.uexp" 1396
"C:/Users/Arzuh/Documents/Unreal Projects/Oryx/Content/Assets/__AoeVFX/_GenericSource/Material/MI/MI_Vfx_DecalMark_Cave6.uasset" 1397
"C:/Users/Arzuh/Documents/Unreal Projects/Oryx/Content/Assets/__AoeVFX/_GenericSource/Material/MI/MI_Vfx_DecalMark_Cave6.uexp" 1398
"C:/Users/Arzuh/Documents/Unreal Projects/Oryx/Content/Assets/__AoeVFX/_GenericSource/Texture/T_Vfx_UVS_band.ubulk" 1399
"C:/Users/Arzuh/Documents/Unreal Projects/Oryx/Content/Assets/__AoeVFX/_GenericSource/Texture/T_Vfx_UVS_band.uasset" 1400
"C:/Users/Arzuh/Documents/Unreal Projects/Oryx/Content/Assets/__AoeVFX/_GenericSource/Texture/T_Vfx_UVS_band.uexp" 1401
"C:/Users/Arzuh/Documents/Unreal Projects/Oryx/Content/Assets/__AoeVFX/_GenericSource/Material/MF/MF_TazoPow.uasset" 1402
"C:/Users/Arzuh/Documents/Unreal Projects/Oryx/Content/Assets/__AoeVFX/_GenericSource/Material/MF/MF_TazoPow.uexp" 1403
"C:/Users/Arzuh/Documents/Unreal Projects/Oryx/Content/Assets/__AoeVFX/_GenericSource/Material/M_Vfx_FightAura.uasset" 1404
"C:/Users/Arzuh/Documents/Unreal Projects/Oryx/Content/Assets/__AoeVFX/_GenericSource/Material/M_Vfx_FightAura.uexp" 1405
"C:/Users/Arzuh/Documents/Unreal Projects/Oryx/Content/Assets/__AoeVFX/_GenericSource/Texture/T_Vfx_Noise_06.ubulk" 1406
"C:/Users/Arzuh/Documents/Unreal Projects/Oryx/Content/Assets/__AoeVFX/_GenericSource/Texture/T_Vfx_Noise_06.uasset" 1407
"C:/Users/Arzuh/Documents/Unreal Projects/Oryx/Content/Assets/__AoeVFX/_GenericSource/Texture/T_Vfx_Noise_06.uexp" 1408
"C:/Users/Arzuh/Documents/Unreal Projects/Oryx/Content/Assets/__AoeVFX/_GenericSource/Material/MI/MI_Vfx_FightAura_Flip_Energy_add_speedUp.uasset" 1409
"C:/Users/Arzuh/Documents/Unreal Projects/Oryx/Content/Assets/__AoeVFX/_GenericSource/Material/MI/MI_Vfx_FightAura_Flip_Energy_add_speedUp.uexp" 1410
"C:/Users/Arzuh/Documents/Unreal Projects/Oryx/Content/Assets/__AoeVFX/_GenericSource/Material/MI/MI_Vfx_FlipBook_fireSRGBFlip_fade.uasset" 1411
"C:/Users/Arzuh/Documents/Unreal Projects/Oryx/Content/Assets/__AoeVFX/_GenericSource/Material/MI/MI_Vfx_FlipBook_fireSRGBFlip_fade.uexp" 1412
"C:/Users/Arzuh/Documents/Unreal Projects/Oryx/Content/Assets/__AoeVFX/_GenericSource/Material/MI/MI_Vfx_Gradient_UVS_gale.uasset" 1413
"C:/Users/Arzuh/Documents/Unreal Projects/Oryx/Content/Assets/__AoeVFX/_GenericSource/Material/MI/MI_Vfx_Gradient_UVS_gale.uexp" 1414
"C:/Users/Arzuh/Documents/Unreal Projects/Oryx/Content/Assets/__AoeVFX/_GenericSource/Material/MF/MF_MathBorderMask.uasset" 1415
"C:/Users/Arzuh/Documents/Unreal Projects/Oryx/Content/Assets/__AoeVFX/_GenericSource/Material/MF/MF_MathBorderMask.uexp" 1416
"C:/Users/Arzuh/Documents/Unreal Projects/Oryx/Content/Assets/__AoeVFX/_GenericSource/Texture/T_Vfx_Noise_cell_.ubulk" 1417
"C:/Users/Arzuh/Documents/Unreal Projects/Oryx/Content/Assets/__AoeVFX/_GenericSource/Texture/T_Vfx_Noise_cell_.uasset" 1418
"C:/Users/Arzuh/Documents/Unreal Projects/Oryx/Content/Assets/__AoeVFX/_GenericSource/Texture/T_Vfx_Noise_cell_.uexp" 1419
"C:/Users/Arzuh/Documents/Unreal Projects/Oryx/Content/Assets/__AoeVFX/_GenericSource/Material/M_Vfx_UVFade_Pan_BlackBody.uasset" 1420
"C:/Users/Arzuh/Documents/Unreal Projects/Oryx/Content/Assets/__AoeVFX/_GenericSource/Material/M_Vfx_UVFade_Pan_BlackBody.uexp" 1421
"C:/Users/Arzuh/Documents/Unreal Projects/Oryx/Content/Assets/__AoeVFX/_GenericSource/Material/MI/MI_Vfx_UVFade_Pan_BlackBody_add.uasset" 1422
"C:/Users/Arzuh/Documents/Unreal Projects/Oryx/Content/Assets/__AoeVFX/_GenericSource/Material/MI/MI_Vfx_UVFade_Pan_BlackBody_add.uexp" 1423
"C:/Users/Arzuh/Documents/Unreal Projects/Oryx/Content/Assets/__AoeVFX/NS/NS_AOE_FireArrow.uasset" 1424
"C:/Users/Arzuh/Documents/Unreal Projects/Oryx/Content/Assets/__AoeVFX/NS/NS_AOE_FireArrow.uexp" 1425
"C:/Users/Arzuh/Documents/Unreal Projects/Oryx/Content/Abilities/BP_Ability_AOE_FireArrows.uasset" 1426
"C:/Users/Arzuh/Documents/Unreal Projects/Oryx/Content/Abilities/BP_Ability_AOE_FireArrows.uexp" 1427
"C:/Users/Arzuh/Documents/Unreal Projects/Oryx/Content/Assets/__AoeVFX/_GenericSource/Material/M_Vfx_Basic_Wall.uasset" 1428
"C:/Users/Arzuh/Documents/Unreal Projects/Oryx/Content/Assets/__AoeVFX/_GenericSource/Material/M_Vfx_Basic_Wall.uexp" 1429
"C:/Users/Arzuh/Documents/Unreal Projects/Oryx/Content/Assets/__AoeVFX/_GenericSource/FBX/SM_MyIce_Chrg_F_03.ubulk" 1430
"C:/Users/Arzuh/Documents/Unreal Projects/Oryx/Content/Assets/__AoeVFX/_GenericSource/FBX/SM_MyIce_Chrg_F_03.uasset" 1431
"C:/Users/Arzuh/Documents/Unreal Projects/Oryx/Content/Assets/__AoeVFX/_GenericSource/FBX/SM_MyIce_Chrg_F_03.uexp" 1432
"C:/Users/Arzuh/Documents/Unreal Projects/Oryx/Content/Assets/__AoeVFX/_GenericSource/Texture/T_Vfx_Stuff_RockMesh1.ubulk" 1433
"C:/Users/Arzuh/Documents/Unreal Projects/Oryx/Content/Assets/__AoeVFX/_GenericSource/Texture/T_Vfx_Stuff_RockMesh1.uasset" 1434
"C:/Users/Arzuh/Documents/Unreal Projects/Oryx/Content/Assets/__AoeVFX/_GenericSource/Texture/T_Vfx_Stuff_RockMesh1.uexp" 1435
"C:/Users/Arzuh/Documents/Unreal Projects/Oryx/Content/Assets/__AoeVFX/_GenericSource/Texture/T_Vfx_Stuff_RockMesh_N1.ubulk" 1436
"C:/Users/Arzuh/Documents/Unreal Projects/Oryx/Content/Assets/__AoeVFX/_GenericSource/Texture/T_Vfx_Stuff_RockMesh_N1.uasset" 1437
"C:/Users/Arzuh/Documents/Unreal Projects/Oryx/Content/Assets/__AoeVFX/_GenericSource/Texture/T_Vfx_Stuff_RockMesh_N1.uexp" 1438
"C:/Users/Arzuh/Documents/Unreal Projects/Oryx/Content/Assets/__AoeVFX/_GenericSource/Texture/T_Vfx_Stuff_Rocky_N1.ubulk" 1439
"C:/Users/Arzuh/Documents/Unreal Projects/Oryx/Content/Assets/__AoeVFX/_GenericSource/Texture/T_Vfx_Stuff_Rocky_N1.uasset" 1440
"C:/Users/Arzuh/Documents/Unreal Projects/Oryx/Content/Assets/__AoeVFX/_GenericSource/Texture/T_Vfx_Stuff_Rocky_N1.uexp" 1441
"C:/Users/Arzuh/Documents/Unreal Projects/Oryx/Content/Assets/__AoeVFX/_GenericSource/Material/MF/MF_Fake_inverseSmoothstep.uasset" 1442
"C:/Users/Arzuh/Documents/Unreal Projects/Oryx/Content/Assets/__AoeVFX/_GenericSource/Material/MF/MF_Fake_inverseSmoothstep.uexp" 1443
"C:/Users/Arzuh/Documents/Unreal Projects/Oryx/Content/Assets/__AoeVFX/_GenericSource/Material/M_Vfx_Stuff_Rock1.uasset" 1444
"C:/Users/Arzuh/Documents/Unreal Projects/Oryx/Content/Assets/__AoeVFX/_GenericSource/Material/M_Vfx_Stuff_Rock1.uexp" 1445
"C:/Users/Arzuh/Documents/Unreal Projects/Oryx/Content/Assets/__AoeVFX/_GenericSource/FBX/SM_Rock.ubulk" 1446
"C:/Users/Arzuh/Documents/Unreal Projects/Oryx/Content/Assets/__AoeVFX/_GenericSource/FBX/SM_Rock.uasset" 1447
"C:/Users/Arzuh/Documents/Unreal Projects/Oryx/Content/Assets/__AoeVFX/_GenericSource/FBX/SM_Rock.uexp" 1448
"C:/Users/Arzuh/Documents/Unreal Projects/Oryx/Content/Assets/__AoeVFX/_GenericSource/Material/M_Vfx_Stuff_Debris.uasset" 1449
"C:/Users/Arzuh/Documents/Unreal Projects/Oryx/Content/Assets/__AoeVFX/_GenericSource/Material/M_Vfx_Stuff_Debris.uexp" 1450
"C:/Users/Arzuh/Documents/Unreal Projects/Oryx/Content/Assets/__AoeVFX/_GenericSource/FBX/SM_IceShard_06.ubulk" 1451
"C:/Users/Arzuh/Documents/Unreal Projects/Oryx/Content/Assets/__AoeVFX/_GenericSource/FBX/SM_IceShard_06.uasset" 1452
"C:/Users/Arzuh/Documents/Unreal Projects/Oryx/Content/Assets/__AoeVFX/_GenericSource/FBX/SM_IceShard_06.uexp" 1453
"../../../Engine/Content/Functions/Engine_MaterialFunctions02/Texturing/WorldPositionWithScale.uasset" 1454
"../../../Engine/Content/Functions/Engine_MaterialFunctions02/Texturing/WorldPositionWithScale.uexp" 1455
"../../../Engine/Content/Functions/Engine_MaterialFunctions02/UVs/WorldPositionBehindTranslucency.uasset" 1456
"../../../Engine/Content/Functions/Engine_MaterialFunctions02/UVs/WorldPositionBehindTranslucency.uexp" 1457
"C:/Users/Arzuh/Documents/Unreal Projects/Oryx/Content/Assets/__AoeVFX/_GenericSource/Material/M_Vfx_DecalSpellAdd.uasset" 1458
"C:/Users/Arzuh/Documents/Unreal Projects/Oryx/Content/Assets/__AoeVFX/_GenericSource/Material/M_Vfx_DecalSpellAdd.uexp" 1459
"C:/Users/Arzuh/Documents/Unreal Projects/Oryx/Content/Assets/__AoeVFX/_GenericSource/FBX/SM_Shape_Cube.ubulk" 1460
"C:/Users/Arzuh/Documents/Unreal Projects/Oryx/Content/Assets/__AoeVFX/_GenericSource/FBX/SM_Shape_Cube.uasset" 1461
"C:/Users/Arzuh/Documents/Unreal Projects/Oryx/Content/Assets/__AoeVFX/_GenericSource/FBX/SM_Shape_Cube.uexp" 1462
"C:/Users/Arzuh/Documents/Unreal Projects/Oryx/Content/Assets/__AoeVFX/_GenericSource/SFX/Sfx_Ice_ball.ubulk" 1463
"C:/Users/Arzuh/Documents/Unreal Projects/Oryx/Content/Assets/__AoeVFX/_GenericSource/SFX/Sfx_Ice_ball.uasset" 1464
"C:/Users/Arzuh/Documents/Unreal Projects/Oryx/Content/Assets/__AoeVFX/_GenericSource/SFX/Sfx_Ice_ball.uexp" 1465
"C:/Users/Arzuh/Documents/Unreal Projects/Oryx/Content/Assets/__AoeVFX/_GenericSource/SFX/Sfx_Ice_ball_Cue2.uasset" 1466
"C:/Users/Arzuh/Documents/Unreal Projects/Oryx/Content/Assets/__AoeVFX/_GenericSource/SFX/Sfx_Ice_ball_Cue2.uexp" 1467
"C:/Users/Arzuh/Documents/Unreal Projects/Oryx/Content/Assets/__AoeVFX/_GenericSource/SFX/Sfx_Ice_born.ubulk" 1468
"C:/Users/Arzuh/Documents/Unreal Projects/Oryx/Content/Assets/__AoeVFX/_GenericSource/SFX/Sfx_Ice_born.uasset" 1469
"C:/Users/Arzuh/Documents/Unreal Projects/Oryx/Content/Assets/__AoeVFX/_GenericSource/SFX/Sfx_Ice_born.uexp" 1470
"C:/Users/Arzuh/Documents/Unreal Projects/Oryx/Content/Assets/__AoeVFX/_GenericSource/SFX/Sfx_Ice_born_Cue.uasset" 1471
"C:/Users/Arzuh/Documents/Unreal Projects/Oryx/Content/Assets/__AoeVFX/_GenericSource/SFX/Sfx_Ice_born_Cue.uexp" 1472
"C:/Users/Arzuh/Documents/Unreal Projects/Oryx/Content/Assets/__AoeVFX/_GenericSource/Material/MI/MI_Vfx_FlipBook_Stamp_IceFlower_61.uasset" 1473
"C:/Users/Arzuh/Documents/Unreal Projects/Oryx/Content/Assets/__AoeVFX/_GenericSource/Material/MI/MI_Vfx_FlipBook_Stamp_IceFlower_61.uexp" 1474
"../../../Engine/Content/Functions/Engine_MaterialFunctions03/Blends/Blend_ColorDodge.uasset" 1475
"../../../Engine/Content/Functions/Engine_MaterialFunctions03/Blends/Blend_ColorDodge.uexp" 1476
"../../../Engine/Content/Functions/Engine_MaterialFunctions03/Blends/Blend_HardLight.uasset" 1477
"../../../Engine/Content/Functions/Engine_MaterialFunctions03/Blends/Blend_HardLight.uexp" 1478
"C:/Users/Arzuh/Documents/Unreal Projects/Oryx/Content/Assets/__AoeVFX/_GenericSource/Texture/T_Vfx_Cubemap_Crystal.uasset" 1479
"C:/Users/Arzuh/Documents/Unreal Projects/Oryx/Content/Assets/__AoeVFX/_GenericSource/Texture/T_Vfx_Cubemap_Crystal.uexp" 1480
"C:/Users/Arzuh/Documents/Unreal Projects/Oryx/Content/Assets/__AoeVFX/_GenericSource/Texture/T_Vfx_Normal_Rock.ubulk" 1481
"C:/Users/Arzuh/Documents/Unreal Projects/Oryx/Content/Assets/__AoeVFX/_GenericSource/Texture/T_Vfx_Normal_Rock.uasset" 1482
"C:/Users/Arzuh/Documents/Unreal Projects/Oryx/Content/Assets/__AoeVFX/_GenericSource/Texture/T_Vfx_Normal_Rock.uexp" 1483
"C:/Users/Arzuh/Documents/Unreal Projects/Oryx/Content/Assets/__AoeVFX/_GenericSource/Material/M_Vfx_IceReflect.uasset" 1484
"C:/Users/Arzuh/Documents/Unreal Projects/Oryx/Content/Assets/__AoeVFX/_GenericSource/Material/M_Vfx_IceReflect.uexp" 1485
"C:/Users/Arzuh/Documents/Unreal Projects/Oryx/Content/Assets/__AoeVFX/_GenericSource/Material/MI/MI_Vfx_IceReflect_Inst.uasset" 1486
"C:/Users/Arzuh/Documents/Unreal Projects/Oryx/Content/Assets/__AoeVFX/_GenericSource/Material/MI/MI_Vfx_IceReflect_Inst.uexp" 1487
"C:/Users/Arzuh/Documents/Unreal Projects/Oryx/Content/Assets/__AoeVFX/NS/NS_AOE_IceSpiral.uasset" 1488
"C:/Users/Arzuh/Documents/Unreal Projects/Oryx/Content/Assets/__AoeVFX/NS/NS_AOE_IceSpiral.uexp" 1489
"C:/Users/Arzuh/Documents/Unreal Projects/Oryx/Content/Abilities/BP_Ability_AOE_IceSpiral.uasset" 1490
"C:/Users/Arzuh/Documents/Unreal Projects/Oryx/Content/Abilities/BP_Ability_AOE_IceSpiral.uexp" 1491
"../../../Engine/Plugins/FX/Niagara/Content/VectorFields/Assets/TilingCurl16.uasset" 1492
"../../../Engine/Plugins/FX/Niagara/Content/VectorFields/Assets/TilingCurl16.uexp" 1493
"C:/Users/Arzuh/Documents/Unreal Projects/Oryx/Content/Assets/__AoeVFX/_GenericSource/SFX/Sfx_Hit_Poison.ubulk" 1494
"C:/Users/Arzuh/Documents/Unreal Projects/Oryx/Content/Assets/__AoeVFX/_GenericSource/SFX/Sfx_Hit_Poison.uasset" 1495
"C:/Users/Arzuh/Documents/Unreal Projects/Oryx/Content/Assets/__AoeVFX/_GenericSource/SFX/Sfx_Hit_Poison.uexp" 1496
"C:/Users/Arzuh/Documents/Unreal Projects/Oryx/Content/Assets/__AoeVFX/_GenericSource/SFX/Sfx_Hit_Poison_Cue.uasset" 1497
"C:/Users/Arzuh/Documents/Unreal Projects/Oryx/Content/Assets/__AoeVFX/_GenericSource/SFX/Sfx_Hit_Poison_Cue.uexp" 1498
"../../../Engine/Content/EngineResources/DefaultTexture.ubulk" 1499
"../../../Engine/Content/EngineResources/DefaultTexture.uasset" 1500
"../../../Engine/Content/EngineResources/DefaultTexture.uexp" 1501
"../../../Engine/Content/Functions/Engine_MaterialFunctions03/ComplexMotion/Motion_4WayChaos.uasset" 1502
"../../../Engine/Content/Functions/Engine_MaterialFunctions03/ComplexMotion/Motion_4WayChaos.uexp" 1503
"C:/Users/Arzuh/Documents/Unreal Projects/Oryx/Content/Assets/__AoeVFX/_GenericSource/FBX/Texture/T_SM_Skull_TGA.ubulk" 1504
"C:/Users/Arzuh/Documents/Unreal Projects/Oryx/Content/Assets/__AoeVFX/_GenericSource/FBX/Texture/T_SM_Skull_TGA.uasset" 1505
"C:/Users/Arzuh/Documents/Unreal Projects/Oryx/Content/Assets/__AoeVFX/_GenericSource/FBX/Texture/T_SM_Skull_TGA.uexp" 1506
"C:/Users/Arzuh/Documents/Unreal Projects/Oryx/Content/Assets/__AoeVFX/_GenericSource/FBX/Material/M_Vfx_Staff_Skull.uasset" 1507
"C:/Users/Arzuh/Documents/Unreal Projects/Oryx/Content/Assets/__AoeVFX/_GenericSource/FBX/Material/M_Vfx_Staff_Skull.uexp" 1508
"C:/Users/Arzuh/Documents/Unreal Projects/Oryx/Content/Assets/__AoeVFX/_GenericSource/FBX/SM_Skull.ubulk" 1509
"C:/Users/Arzuh/Documents/Unreal Projects/Oryx/Content/Assets/__AoeVFX/_GenericSource/FBX/SM_Skull.uasset" 1510
"C:/Users/Arzuh/Documents/Unreal Projects/Oryx/Content/Assets/__AoeVFX/_GenericSource/FBX/SM_Skull.uexp" 1511
"C:/Users/Arzuh/Documents/Unreal Projects/Oryx/Content/Assets/__AoeVFX/_GenericSource/Material/M_Vfx_BasicAdd.uasset" 1512
"C:/Users/Arzuh/Documents/Unreal Projects/Oryx/Content/Assets/__AoeVFX/_GenericSource/Material/M_Vfx_BasicAdd.uexp" 1513
"C:/Users/Arzuh/Documents/Unreal Projects/Oryx/Content/Assets/__AoeVFX/_GenericSource/FBX/SM_TriPlane.ubulk" 1514
"C:/Users/Arzuh/Documents/Unreal Projects/Oryx/Content/Assets/__AoeVFX/_GenericSource/FBX/SM_TriPlane.uasset" 1515
"C:/Users/Arzuh/Documents/Unreal Projects/Oryx/Content/Assets/__AoeVFX/_GenericSource/FBX/SM_TriPlane.uexp" 1516
"../../../Engine/Content/EngineDebugMaterials/HeatmapGradient.ubulk" 1517
"../../../Engine/Content/EngineDebugMaterials/HeatmapGradient.uasset" 1518
"../../../Engine/Content/EngineDebugMaterials/HeatmapGradient.uexp" 1519
"../../../Engine/Content/Functions/Engine_MaterialFunctions01/ImageAdjustment/CheapContrast_RGB.uasset" 1520
"../../../Engine/Content/Functions/Engine_MaterialFunctions01/ImageAdjustment/CheapContrast_RGB.uexp" 1521
"C:/Users/Arzuh/Documents/Unreal Projects/Oryx/Content/Assets/__AoeVFX/_GenericSource/Texture/T_Vfx_Noise011.ubulk" 1522
"C:/Users/Arzuh/Documents/Unreal Projects/Oryx/Content/Assets/__AoeVFX/_GenericSource/Texture/T_Vfx_Noise011.uasset" 1523
"C:/Users/Arzuh/Documents/Unreal Projects/Oryx/Content/Assets/__AoeVFX/_GenericSource/Texture/T_Vfx_Noise011.uexp" 1524
"C:/Users/Arzuh/Documents/Unreal Projects/Oryx/Content/Assets/__AoeVFX/_GenericSource/Material/M_Vfx_BasicLit.uasset" 1525
"C:/Users/Arzuh/Documents/Unreal Projects/Oryx/Content/Assets/__AoeVFX/_GenericSource/Material/M_Vfx_BasicLit.uexp" 1526
"C:/Users/Arzuh/Documents/Unreal Projects/Oryx/Content/Assets/__AoeVFX/_GenericSource/Material/MI/MI_Vfx_BasicLit_Tentacle.uasset" 1527
"C:/Users/Arzuh/Documents/Unreal Projects/Oryx/Content/Assets/__AoeVFX/_GenericSource/Material/MI/MI_Vfx_BasicLit_Tentacle.uexp" 1528
"C:/Users/Arzuh/Documents/Unreal Projects/Oryx/Content/Assets/__AoeVFX/_GenericSource/Material/MI/MI_Vfx_BasicUnlit.uasset" 1529
"C:/Users/Arzuh/Documents/Unreal Projects/Oryx/Content/Assets/__AoeVFX/_GenericSource/Material/MI/MI_Vfx_BasicUnlit.uexp" 1530
"C:/Users/Arzuh/Documents/Unreal Projects/Oryx/Content/Assets/__AoeVFX/_GenericSource/FBX/Material/MI_Vfx_Staff_Skull_Inst.uasset" 1531
"C:/Users/Arzuh/Documents/Unreal Projects/Oryx/Content/Assets/__AoeVFX/_GenericSource/FBX/Material/MI_Vfx_Staff_Skull_Inst.uexp" 1532
"C:/Users/Arzuh/Documents/Unreal Projects/Oryx/Content/Assets/__AoeVFX/_GenericSource/Material/MI/MI_Vfx_Basic_01.uasset" 1533
"C:/Users/Arzuh/Documents/Unreal Projects/Oryx/Content/Assets/__AoeVFX/_GenericSource/Material/MI/MI_Vfx_Basic_01.uexp" 1534
"C:/Users/Arzuh/Documents/Unreal Projects/Oryx/Content/Assets/__AoeVFX/_GenericSource/Texture/T_Vfx_Noise_Cell03.ubulk" 1535
"C:/Users/Arzuh/Documents/Unreal Projects/Oryx/Content/Assets/__AoeVFX/_GenericSource/Texture/T_Vfx_Noise_Cell03.uasset" 1536
"C:/Users/Arzuh/Documents/Unreal Projects/Oryx/Content/Assets/__AoeVFX/_GenericSource/Texture/T_Vfx_Noise_Cell03.uexp" 1537
"C:/Users/Arzuh/Documents/Unreal Projects/Oryx/Content/Assets/__AoeVFX/_GenericSource/Material/M_Vfx_Decal_Ring_RadialAdvanceUV.uasset" 1538
"C:/Users/Arzuh/Documents/Unreal Projects/Oryx/Content/Assets/__AoeVFX/_GenericSource/Material/M_Vfx_Decal_Ring_RadialAdvanceUV.uexp" 1539
"C:/Users/Arzuh/Documents/Unreal Projects/Oryx/Content/Assets/__AoeVFX/_GenericSource/Material/MI/MI_Vfx_Decal_Ring_RadialAdvanceUV_Mire.uasset" 1540
"C:/Users/Arzuh/Documents/Unreal Projects/Oryx/Content/Assets/__AoeVFX/_GenericSource/Material/MI/MI_Vfx_Decal_Ring_RadialAdvanceUV_Mire.uexp" 1541
"C:/Users/Arzuh/Documents/Unreal Projects/Oryx/Content/Assets/__AoeVFX/_GenericSource/Texture/T_Vfx_Ring_Spell_11.ubulk" 1542
"C:/Users/Arzuh/Documents/Unreal Projects/Oryx/Content/Assets/__AoeVFX/_GenericSource/Texture/T_Vfx_Ring_Spell_11.uasset" 1543
"C:/Users/Arzuh/Documents/Unreal Projects/Oryx/Content/Assets/__AoeVFX/_GenericSource/Texture/T_Vfx_Ring_Spell_11.uexp" 1544
"C:/Users/Arzuh/Documents/Unreal Projects/Oryx/Content/Assets/__AoeVFX/_GenericSource/Material/M_Vfx_Decal_Simple.uasset" 1545
"C:/Users/Arzuh/Documents/Unreal Projects/Oryx/Content/Assets/__AoeVFX/_GenericSource/Material/M_Vfx_Decal_Simple.uexp" 1546
"C:/Users/Arzuh/Documents/Unreal Projects/Oryx/Content/Assets/__AoeVFX/_GenericSource/Material/MI/MI_Vfx_Decal_Simple_Circle1.uasset" 1547
"C:/Users/Arzuh/Documents/Unreal Projects/Oryx/Content/Assets/__AoeVFX/_GenericSource/Material/MI/MI_Vfx_Decal_Simple_Circle1.uexp" 1548
"C:/Users/Arzuh/Documents/Unreal Projects/Oryx/Content/Assets/__AoeVFX/_GenericSource/Texture/T_Vfx_Noise_Smoke.ubulk" 1549
"C:/Users/Arzuh/Documents/Unreal Projects/Oryx/Content/Assets/__AoeVFX/_GenericSource/Texture/T_Vfx_Noise_Smoke.uasset" 1550
"C:/Users/Arzuh/Documents/Unreal Projects/Oryx/Content/Assets/__AoeVFX/_GenericSource/Texture/T_Vfx_Noise_Smoke.uexp" 1551
"C:/Users/Arzuh/Documents/Unreal Projects/Oryx/Content/Assets/__AoeVFX/_GenericSource/Texture/T_VFx_UVs_Flow_Water.ubulk" 1552
"C:/Users/Arzuh/Documents/Unreal Projects/Oryx/Content/Assets/__AoeVFX/_GenericSource/Texture/T_VFx_UVs_Flow_Water.uasset" 1553
"C:/Users/Arzuh/Documents/Unreal Projects/Oryx/Content/Assets/__AoeVFX/_GenericSource/Texture/T_VFx_UVs_Flow_Water.uexp" 1554
"C:/Users/Arzuh/Documents/Unreal Projects/Oryx/Content/Assets/__AoeVFX/_GenericSource/Material/M_Vfx_GhostHair.uasset" 1555
"C:/Users/Arzuh/Documents/Unreal Projects/Oryx/Content/Assets/__AoeVFX/_GenericSource/Material/M_Vfx_GhostHair.uexp" 1556
"C:/Users/Arzuh/Documents/Unreal Projects/Oryx/Content/Assets/__AoeVFX/_GenericSource/Material/MI/MI_Vfx_GhostHair_01.uasset" 1557
"C:/Users/Arzuh/Documents/Unreal Projects/Oryx/Content/Assets/__AoeVFX/_GenericSource/Material/MI/MI_Vfx_GhostHair_01.uexp" 1558
"C:/Users/Arzuh/Documents/Unreal Projects/Oryx/Content/Assets/__AoeVFX/_GenericSource/Texture/T_VFx_UVs_Flow_Water1.ubulk" 1559
"C:/Users/Arzuh/Documents/Unreal Projects/Oryx/Content/Assets/__AoeVFX/_GenericSource/Texture/T_VFx_UVs_Flow_Water1.uasset" 1560
"C:/Users/Arzuh/Documents/Unreal Projects/Oryx/Content/Assets/__AoeVFX/_GenericSource/Texture/T_VFx_UVs_Flow_Water1.uexp" 1561
"C:/Users/Arzuh/Documents/Unreal Projects/Oryx/Content/Assets/__AoeVFX/_GenericSource/Material/MI/MI_Vfx_GhostHair_Mask.uasset" 1562
"C:/Users/Arzuh/Documents/Unreal Projects/Oryx/Content/Assets/__AoeVFX/_GenericSource/Material/MI/MI_Vfx_GhostHair_Mask.uexp" 1563
"C:/Users/Arzuh/Documents/Unreal Projects/Oryx/Content/Assets/__AoeVFX/_GenericSource/Material/MI/MI_Vfx_ParticleSubUV_fade_add.uasset" 1564
"C:/Users/Arzuh/Documents/Unreal Projects/Oryx/Content/Assets/__AoeVFX/_GenericSource/Material/MI/MI_Vfx_ParticleSubUV_fade_add.uexp" 1565
"C:/Users/Arzuh/Documents/Unreal Projects/Oryx/Content/Assets/__AoeVFX/_GenericSource/Material/M_Vfx_ParticleSubUV_Lit.uasset" 1566
"C:/Users/Arzuh/Documents/Unreal Projects/Oryx/Content/Assets/__AoeVFX/_GenericSource/Material/M_Vfx_ParticleSubUV_Lit.uexp" 1567
"C:/Users/Arzuh/Documents/Unreal Projects/Oryx/Content/Assets/__AoeVFX/_GenericSource/Material/MI/MI_Vfx_ParticleSubUV_Lit_Stamp_Smoke02_88.uasset" 1568
"C:/Users/Arzuh/Documents/Unreal Projects/Oryx/Content/Assets/__AoeVFX/_GenericSource/Material/MI/MI_Vfx_ParticleSubUV_Lit_Stamp_Smoke02_88.uexp" 1569
"C:/Users/Arzuh/Documents/Unreal Projects/Oryx/Content/Assets/__AoeVFX/NS/NS_AOE_PoisonCarousel.uasset" 1570
"C:/Users/Arzuh/Documents/Unreal Projects/Oryx/Content/Assets/__AoeVFX/NS/NS_AOE_PoisonCarousel.uexp" 1571
"C:/Users/Arzuh/Documents/Unreal Projects/Oryx/Content/Abilities/BP_Ability_AOE_PoisonCarousel.uasset" 1572
"C:/Users/Arzuh/Documents/Unreal Projects/Oryx/Content/Abilities/BP_Ability_AOE_PoisonCarousel.uexp" 1573
"C:/Users/Arzuh/Documents/Unreal Projects/Oryx/Content/Characters/Mannequins/Meshes/SK_Mannequin.uasset" 1574
"C:/Users/Arzuh/Documents/Unreal Projects/Oryx/Content/Characters/Mannequins/Meshes/SK_Mannequin.uexp" 1575
"../../../Engine/Plugins/Animation/ControlRig/Content/Controls/DefaultGizmoLibraryNormalized.uasset" 1576
"../../../Engine/Plugins/Animation/ControlRig/Content/Controls/DefaultGizmoLibraryNormalized.uexp" 1577
"C:/Users/Arzuh/Documents/Unreal Projects/Oryx/Content/Characters/Mannequins/Rigs/CR_Mannequin_FootIK.uasset" 1578
"C:/Users/Arzuh/Documents/Unreal Projects/Oryx/Content/Characters/Mannequins/Rigs/CR_Mannequin_FootIK.uexp" 1579
"../../../Engine/Content/Animation/DefaultAnimBoneCompressionSettings.uasset" 1580
"../../../Engine/Content/Animation/DefaultAnimBoneCompressionSettings.uexp" 1581
"../../../Engine/Content/Animation/DefaultAnimCurveCompressionSettings.uasset" 1582
"../../../Engine/Content/Animation/DefaultAnimCurveCompressionSettings.uexp" 1583
"../../../Engine/Content/Animation/DefaultVariableFrameStrippingSettings.uasset" 1584
"../../../Engine/Content/Animation/DefaultVariableFrameStrippingSettings.uexp" 1585
"C:/Users/Arzuh/Documents/Unreal Projects/Oryx/Content/Characters/Mannequins/Anims/Unarmed/MM_Idle.uasset" 1586
"C:/Users/Arzuh/Documents/Unreal Projects/Oryx/Content/Characters/Mannequins/Anims/Unarmed/MM_Idle.uexp" 1587
"C:/Users/Arzuh/Documents/Unreal Projects/Oryx/Content/Characters/Mannequins/Anims/Unarmed/Jog/MF_Unarmed_Jog_Bwd.uasset" 1588
"C:/Users/Arzuh/Documents/Unreal Projects/Oryx/Content/Characters/Mannequins/Anims/Unarmed/Jog/MF_Unarmed_Jog_Bwd.uexp" 1589
"../../../Engine/Plugins/Animation/ACLPlugin/Content/ACLAnimCurveCompressionSettings.uasset" 1590
"../../../Engine/Plugins/Animation/ACLPlugin/Content/ACLAnimCurveCompressionSettings.uexp" 1591
"../../../Engine/Content/Animation/DefaultRecorderBoneCompression.uasset" 1592
"../../../Engine/Content/Animation/DefaultRecorderBoneCompression.uexp" 1593
"C:/Users/Arzuh/Documents/Unreal Projects/Oryx/Content/Characters/Mannequins/Anims/Unarmed/Jog/MF_Unarmed_Jog_Bwd_Left.uasset" 1594
"C:/Users/Arzuh/Documents/Unreal Projects/Oryx/Content/Characters/Mannequins/Anims/Unarmed/Jog/MF_Unarmed_Jog_Bwd_Left.uexp" 1595
"C:/Users/Arzuh/Documents/Unreal Projects/Oryx/Content/Characters/Mannequins/Anims/Unarmed/Jog/MF_Unarmed_Jog_Bwd_Right.uasset" 1596
"C:/Users/Arzuh/Documents/Unreal Projects/Oryx/Content/Characters/Mannequins/Anims/Unarmed/Jog/MF_Unarmed_Jog_Bwd_Right.uexp" 1597
"C:/Users/Arzuh/Documents/Unreal Projects/Oryx/Content/Characters/Mannequins/Anims/Unarmed/Jog/MF_Unarmed_Jog_Fwd.uasset" 1598
"C:/Users/Arzuh/Documents/Unreal Projects/Oryx/Content/Characters/Mannequins/Anims/Unarmed/Jog/MF_Unarmed_Jog_Fwd.uexp" 1599
"C:/Users/Arzuh/Documents/Unreal Projects/Oryx/Content/Characters/Mannequins/Anims/Unarmed/Jog/MF_Unarmed_Jog_Fwd_Left.uasset" 1600
"C:/Users/Arzuh/Documents/Unreal Projects/Oryx/Content/Characters/Mannequins/Anims/Unarmed/Jog/MF_Unarmed_Jog_Fwd_Left.uexp" 1601
"C:/Users/Arzuh/Documents/Unreal Projects/Oryx/Content/Characters/Mannequins/Anims/Unarmed/Jog/MF_Unarmed_Jog_Fwd_Right.uasset" 1602
"C:/Users/Arzuh/Documents/Unreal Projects/Oryx/Content/Characters/Mannequins/Anims/Unarmed/Jog/MF_Unarmed_Jog_Fwd_Right.uexp" 1603
"C:/Users/Arzuh/Documents/Unreal Projects/Oryx/Content/Characters/Mannequins/Anims/Unarmed/Jog/MF_Unarmed_Jog_Left.uasset" 1604
"C:/Users/Arzuh/Documents/Unreal Projects/Oryx/Content/Characters/Mannequins/Anims/Unarmed/Jog/MF_Unarmed_Jog_Left.uexp" 1605
"C:/Users/Arzuh/Documents/Unreal Projects/Oryx/Content/Characters/Mannequins/Anims/Unarmed/Jog/MF_Unarmed_Jog_Right.uasset" 1606
"C:/Users/Arzuh/Documents/Unreal Projects/Oryx/Content/Characters/Mannequins/Anims/Unarmed/Jog/MF_Unarmed_Jog_Right.uexp" 1607
"C:/Users/Arzuh/Documents/Unreal Projects/Oryx/Content/Characters/Mannequins/Anims/Unarmed/Walk/MF_Unarmed_Walk_Bwd.uasset" 1608
"C:/Users/Arzuh/Documents/Unreal Projects/Oryx/Content/Characters/Mannequins/Anims/Unarmed/Walk/MF_Unarmed_Walk_Bwd.uexp" 1609
"C:/Users/Arzuh/Documents/Unreal Projects/Oryx/Content/Characters/Mannequins/Anims/Unarmed/Walk/MF_Unarmed_Walk_Bwd_Left.uasset" 1610
"C:/Users/Arzuh/Documents/Unreal Projects/Oryx/Content/Characters/Mannequins/Anims/Unarmed/Walk/MF_Unarmed_Walk_Bwd_Left.uexp" 1611
"C:/Users/Arzuh/Documents/Unreal Projects/Oryx/Content/Characters/Mannequins/Anims/Unarmed/Walk/MF_Unarmed_Walk_Bwd_Right.uasset" 1612
"C:/Users/Arzuh/Documents/Unreal Projects/Oryx/Content/Characters/Mannequins/Anims/Unarmed/Walk/MF_Unarmed_Walk_Bwd_Right.uexp" 1613
"C:/Users/Arzuh/Documents/Unreal Projects/Oryx/Content/Characters/Mannequins/Anims/Unarmed/Walk/MF_Unarmed_Walk_Fwd.uasset" 1614
"C:/Users/Arzuh/Documents/Unreal Projects/Oryx/Content/Characters/Mannequins/Anims/Unarmed/Walk/MF_Unarmed_Walk_Fwd.uexp" 1615
"C:/Users/Arzuh/Documents/Unreal Projects/Oryx/Content/Characters/Mannequins/Anims/Unarmed/Walk/MF_Unarmed_Walk_Fwd_Left.uasset" 1616
"C:/Users/Arzuh/Documents/Unreal Projects/Oryx/Content/Characters/Mannequins/Anims/Unarmed/Walk/MF_Unarmed_Walk_Fwd_Left.uexp" 1617
"C:/Users/Arzuh/Documents/Unreal Projects/Oryx/Content/Characters/Mannequins/Anims/Unarmed/Walk/MF_Unarmed_Walk_Fwd_Right.uasset" 1618
"C:/Users/Arzuh/Documents/Unreal Projects/Oryx/Content/Characters/Mannequins/Anims/Unarmed/Walk/MF_Unarmed_Walk_Fwd_Right.uexp" 1619
"C:/Users/Arzuh/Documents/Unreal Projects/Oryx/Content/Characters/Mannequins/Anims/Unarmed/Walk/MF_Unarmed_Walk_Left.uasset" 1620
"C:/Users/Arzuh/Documents/Unreal Projects/Oryx/Content/Characters/Mannequins/Anims/Unarmed/Walk/MF_Unarmed_Walk_Left.uexp" 1621
"C:/Users/Arzuh/Documents/Unreal Projects/Oryx/Content/Characters/Mannequins/Anims/Unarmed/Walk/MF_Unarmed_Walk_Right.uasset" 1622
"C:/Users/Arzuh/Documents/Unreal Projects/Oryx/Content/Characters/Mannequins/Anims/Unarmed/Walk/MF_Unarmed_Walk_Right.uexp" 1623
"C:/Users/Arzuh/Documents/Unreal Projects/Oryx/Content/Characters/Mannequins/Anims/Unarmed/BS_Idle_Walk_Run.uasset" 1624
"C:/Users/Arzuh/Documents/Unreal Projects/Oryx/Content/Characters/Mannequins/Anims/Unarmed/BS_Idle_Walk_Run.uexp" 1625
"C:/Users/Arzuh/Documents/Unreal Projects/Oryx/Content/Characters/Mannequins/Anims/Unarmed/Jump/MM_Fall_Loop.uasset" 1626
"C:/Users/Arzuh/Documents/Unreal Projects/Oryx/Content/Characters/Mannequins/Anims/Unarmed/Jump/MM_Fall_Loop.uexp" 1627
"C:/Users/Arzuh/Documents/Unreal Projects/Oryx/Content/Characters/Mannequins/Anims/Unarmed/Jump/MM_Jump.uasset" 1628
"C:/Users/Arzuh/Documents/Unreal Projects/Oryx/Content/Characters/Mannequins/Anims/Unarmed/Jump/MM_Jump.uexp" 1629
"C:/Users/Arzuh/Documents/Unreal Projects/Oryx/Content/Characters/Mannequins/Anims/Unarmed/Jump/MM_Land.uasset" 1630
"C:/Users/Arzuh/Documents/Unreal Projects/Oryx/Content/Characters/Mannequins/Anims/Unarmed/Jump/MM_Land.uexp" 1631
"C:/Users/Arzuh/Documents/Unreal Projects/Oryx/Content/Characters/Mannequins/Anims/Unarmed/ABP_Unarmed.uasset" 1632
"C:/Users/Arzuh/Documents/Unreal Projects/Oryx/Content/Characters/Mannequins/Anims/Unarmed/ABP_Unarmed.uexp" 1633
"C:/Users/Arzuh/Documents/Unreal Projects/Oryx/Content/Characters/Mannequins/Textures/Manny/T_Manny_01_BN.ubulk" 1634
"C:/Users/Arzuh/Documents/Unreal Projects/Oryx/Content/Characters/Mannequins/Textures/Manny/T_Manny_01_BN.uasset" 1635
"C:/Users/Arzuh/Documents/Unreal Projects/Oryx/Content/Characters/Mannequins/Textures/Manny/T_Manny_01_BN.uexp" 1636
"C:/Users/Arzuh/Documents/Unreal Projects/Oryx/Content/Characters/Mannequins/Textures/Manny/T_Manny_01_D.ubulk" 1637
"C:/Users/Arzuh/Documents/Unreal Projects/Oryx/Content/Characters/Mannequins/Textures/Manny/T_Manny_01_D.uasset" 1638
"C:/Users/Arzuh/Documents/Unreal Projects/Oryx/Content/Characters/Mannequins/Textures/Manny/T_Manny_01_D.uexp" 1639
"C:/Users/Arzuh/Documents/Unreal Projects/Oryx/Content/Characters/Mannequins/Textures/Manny/T_Manny_01_MRA.ubulk" 1640
"C:/Users/Arzuh/Documents/Unreal Projects/Oryx/Content/Characters/Mannequins/Textures/Manny/T_Manny_01_MRA.uasset" 1641
"C:/Users/Arzuh/Documents/Unreal Projects/Oryx/Content/Characters/Mannequins/Textures/Manny/T_Manny_01_MRA.uexp" 1642
"C:/Users/Arzuh/Documents/Unreal Projects/Oryx/Content/Characters/Mannequins/Textures/Shared/T_UE_Logo_M.uasset" 1643
"C:/Users/Arzuh/Documents/Unreal Projects/Oryx/Content/Characters/Mannequins/Textures/Shared/T_UE_Logo_M.uexp" 1644
"C:/Users/Arzuh/Documents/Unreal Projects/Oryx/Content/Characters/Mannequins/Materials/M_Mannequin.uasset" 1645
"C:/Users/Arzuh/Documents/Unreal Projects/Oryx/Content/Characters/Mannequins/Materials/M_Mannequin.uexp" 1646
"C:/Users/Arzuh/Documents/Unreal Projects/Oryx/Content/Characters/Mannequins/Materials/Manny/MI_Manny_01_New.uasset" 1647
"C:/Users/Arzuh/Documents/Unreal Projects/Oryx/Content/Characters/Mannequins/Materials/Manny/MI_Manny_01_New.uexp" 1648
"C:/Users/Arzuh/Documents/Unreal Projects/Oryx/Content/Characters/Mannequins/Textures/Manny/T_Manny_02_BN.ubulk" 1649
"C:/Users/Arzuh/Documents/Unreal Projects/Oryx/Content/Characters/Mannequins/Textures/Manny/T_Manny_02_BN.uasset" 1650
"C:/Users/Arzuh/Documents/Unreal Projects/Oryx/Content/Characters/Mannequins/Textures/Manny/T_Manny_02_BN.uexp" 1651
"C:/Users/Arzuh/Documents/Unreal Projects/Oryx/Content/Characters/Mannequins/Textures/Manny/T_Manny_02_D.ubulk" 1652
"C:/Users/Arzuh/Documents/Unreal Projects/Oryx/Content/Characters/Mannequins/Textures/Manny/T_Manny_02_D.uasset" 1653
"C:/Users/Arzuh/Documents/Unreal Projects/Oryx/Content/Characters/Mannequins/Textures/Manny/T_Manny_02_D.uexp" 1654
"C:/Users/Arzuh/Documents/Unreal Projects/Oryx/Content/Characters/Mannequins/Textures/Manny/T_Manny_02_MRA.ubulk" 1655
"C:/Users/Arzuh/Documents/Unreal Projects/Oryx/Content/Characters/Mannequins/Textures/Manny/T_Manny_02_MRA.uasset" 1656
"C:/Users/Arzuh/Documents/Unreal Projects/Oryx/Content/Characters/Mannequins/Textures/Manny/T_Manny_02_MRA.uexp" 1657
"C:/Users/Arzuh/Documents/Unreal Projects/Oryx/Content/Characters/Mannequins/Materials/Manny/MI_Manny_02_New.uasset" 1658
"C:/Users/Arzuh/Documents/Unreal Projects/Oryx/Content/Characters/Mannequins/Materials/Manny/MI_Manny_02_New.uexp" 1659
"C:/Users/Arzuh/Documents/Unreal Projects/Oryx/Content/Characters/Mannequins/Rigs/PA_Mannequin.uasset" 1660
"C:/Users/Arzuh/Documents/Unreal Projects/Oryx/Content/Characters/Mannequins/Rigs/PA_Mannequin.uexp" 1661
"C:/Users/Arzuh/Documents/Unreal Projects/Oryx/Content/Characters/Mannequins/Meshes/SKM_Manny_Simple.uasset" 1662
"C:/Users/Arzuh/Documents/Unreal Projects/Oryx/Content/Characters/Mannequins/Meshes/SKM_Manny_Simple.uexp" 1663
"C:/Users/Arzuh/Documents/Unreal Projects/Oryx/Content/UI/HUD/Widgets/WBP_FloatingDamageNumber.uasset" 1664
"C:/Users/Arzuh/Documents/Unreal Projects/Oryx/Content/UI/HUD/Widgets/WBP_FloatingDamageNumber.uexp" 1665
"C:/Users/Arzuh/Documents/Unreal Projects/Oryx/Content/UI/HUD/BP_FloatingDamageActor.uasset" 1666
"C:/Users/Arzuh/Documents/Unreal Projects/Oryx/Content/UI/HUD/BP_FloatingDamageActor.uexp" 1667
"C:/Users/Arzuh/Documents/Unreal Projects/Oryx/Content/UI/HUD/Widgets/WBP_Settings.uasset" 1668
"C:/Users/Arzuh/Documents/Unreal Projects/Oryx/Content/UI/HUD/Widgets/WBP_Settings.uexp" 1669
"C:/Users/Arzuh/Documents/Unreal Projects/Oryx/Content/UI/HUD/Widgets/WBP_VendorStockEntry.uasset" 1670
"C:/Users/Arzuh/Documents/Unreal Projects/Oryx/Content/UI/HUD/Widgets/WBP_VendorStockEntry.uexp" 1671
"C:/Users/Arzuh/Documents/Unreal Projects/Oryx/Content/UI/HUD/Widgets/WBP_VendorScreen.uasset" 1672
"C:/Users/Arzuh/Documents/Unreal Projects/Oryx/Content/UI/HUD/Widgets/WBP_VendorScreen.uexp" 1673
"C:/Users/Arzuh/Documents/Unreal Projects/Oryx/Content/UI/HUD/Widgets/WBP_GameOver.uasset" 1674
"C:/Users/Arzuh/Documents/Unreal Projects/Oryx/Content/UI/HUD/Widgets/WBP_GameOver.uexp" 1675
"C:/Users/Arzuh/Documents/Unreal Projects/Oryx/Content/UI/HUD/Widgets/WBP_StatsScreen.uasset" 1676
"C:/Users/Arzuh/Documents/Unreal Projects/Oryx/Content/UI/HUD/Widgets/WBP_StatsScreen.uexp" 1677
"C:/Users/Arzuh/Documents/Unreal Projects/Oryx/Content/UI/HUD/Widgets/WBP_PauseMenu.uasset" 1678
"C:/Users/Arzuh/Documents/Unreal Projects/Oryx/Content/UI/HUD/Widgets/WBP_PauseMenu.uexp" 1679
"C:/Users/Arzuh/Documents/Unreal Projects/Oryx/Content/Characters/Player/BP_OryxCharacter.uasset" 1680
"C:/Users/Arzuh/Documents/Unreal Projects/Oryx/Content/Characters/Player/BP_OryxCharacter.uexp" 1681
"C:/Users/Arzuh/Documents/Unreal Projects/Oryx/Content/GameModes/BP_OryxGameMode.uasset" 1682
"C:/Users/Arzuh/Documents/Unreal Projects/Oryx/Content/GameModes/BP_OryxGameMode.uexp" 1683
"../../../Engine/Content/Maps/Entry_BuiltData.uasset" 1684
"../../../Engine/Content/Maps/Entry_BuiltData.uexp" 1685
"../../../Engine/Content/Maps/Entry.uexp" 1686
"../../../Engine/Content/Maps/Entry.umap" 1687
"../../../Engine/Content/EngineMaterials/DefaultNormal.ubulk" 1688
"../../../Engine/Content/EngineMaterials/DefaultNormal.uasset" 1689
"../../../Engine/Content/EngineMaterials/DefaultNormal.uexp" 1690
"../../../Engine/Content/Functions/Engine_MaterialFunctions03/Procedurals/NormalFromHeightmap.uasset" 1691
"../../../Engine/Content/Functions/Engine_MaterialFunctions03/Procedurals/NormalFromHeightmap.uexp" 1692
"../../../Engine/Plugins/Interchange/Assets/Content/Functions/MF_PhongToMetalRoughness.uasset" 1693
"../../../Engine/Plugins/Interchange/Assets/Content/Functions/MF_PhongToMetalRoughness.uexp" 1694
"../../../Engine/Plugins/Interchange/Assets/Content/Materials/FBXLegacyPhongSurfaceMaterial.uasset" 1695
"../../../Engine/Plugins/Interchange/Assets/Content/Materials/FBXLegacyPhongSurfaceMaterial.uexp" 1696
"C:/Users/Arzuh/Documents/Unreal Projects/Oryx/Content/Assets/Coins/source_extracted/Material_001.uasset" 1697
"C:/Users/Arzuh/Documents/Unreal Projects/Oryx/Content/Assets/Coins/source_extracted/Material_001.uexp" 1698
"C:/Users/Arzuh/Documents/Unreal Projects/Oryx/Content/Assets/Coins/source_extracted/Material_002.uasset" 1699
"C:/Users/Arzuh/Documents/Unreal Projects/Oryx/Content/Assets/Coins/source_extracted/Material_002.uexp" 1700
"C:/Users/Arzuh/Documents/Unreal Projects/Oryx/Content/Assets/Coins/source_extracted/Coins_1.ubulk" 1701
"C:/Users/Arzuh/Documents/Unreal Projects/Oryx/Content/Assets/Coins/source_extracted/Coins_1.uasset" 1702
"C:/Users/Arzuh/Documents/Unreal Projects/Oryx/Content/Assets/Coins/source_extracted/Coins_1.uexp" 1703
"C:/Users/Arzuh/Documents/Unreal Projects/Oryx/Content/Assets/Coins/source_extracted/Coins_2.ubulk" 1704
"C:/Users/Arzuh/Documents/Unreal Projects/Oryx/Content/Assets/Coins/source_extracted/Coins_2.uasset" 1705
"C:/Users/Arzuh/Documents/Unreal Projects/Oryx/Content/Assets/Coins/source_extracted/Coins_2.uexp" 1706
"C:/Users/Arzuh/Documents/Unreal Projects/Oryx/Content/Assets/Coins/source_extracted/Coins_3.ubulk" 1707
"C:/Users/Arzuh/Documents/Unreal Projects/Oryx/Content/Assets/Coins/source_extracted/Coins_3.uasset" 1708
"C:/Users/Arzuh/Documents/Unreal Projects/Oryx/Content/Assets/Coins/source_extracted/Coins_3.uexp" 1709
"C:/Users/Arzuh/Documents/Unreal Projects/Oryx/Content/Assets/Coins/source_extracted/Coins_4.ubulk" 1710
"C:/Users/Arzuh/Documents/Unreal Projects/Oryx/Content/Assets/Coins/source_extracted/Coins_4.uasset" 1711
"C:/Users/Arzuh/Documents/Unreal Projects/Oryx/Content/Assets/Coins/source_extracted/Coins_4.uexp" 1712
"C:/Users/Arzuh/Documents/Unreal Projects/Oryx/Content/Assets/Sword_and_Shield/source_extracted/Material.uasset" 1713
"C:/Users/Arzuh/Documents/Unreal Projects/Oryx/Content/Assets/Sword_and_Shield/source_extracted/Material.uexp" 1714
"C:/Users/Arzuh/Documents/Unreal Projects/Oryx/Content/Assets/Sword_and_Shield/source_extracted/3D_Shield.ubulk" 1715
"C:/Users/Arzuh/Documents/Unreal Projects/Oryx/Content/Assets/Sword_and_Shield/source_extracted/3D_Shield.uasset" 1716
"C:/Users/Arzuh/Documents/Unreal Projects/Oryx/Content/Assets/Sword_and_Shield/source_extracted/3D_Shield.uexp" 1717
"C:/Users/Arzuh/Documents/Unreal Projects/Oryx/Content/Assets/Sword_and_Shield/source_extracted/3D_Sword.ubulk" 1718
"C:/Users/Arzuh/Documents/Unreal Projects/Oryx/Content/Assets/Sword_and_Shield/source_extracted/3D_Sword.uasset" 1719
"C:/Users/Arzuh/Documents/Unreal Projects/Oryx/Content/Assets/Sword_and_Shield/source_extracted/3D_Sword.uexp" 1720
"C:/Users/Arzuh/Documents/Unreal Projects/Oryx/Content/GameModes/BP_OryxGameInstance.uasset" 1721
"C:/Users/Arzuh/Documents/Unreal Projects/Oryx/Content/GameModes/BP_OryxGameInstance.uexp" 1722
"C:/Users/Arzuh/Documents/Unreal Projects/Oryx/Content/Characters/Player/BP_Oryx_Archer.uasset" 1723
"C:/Users/Arzuh/Documents/Unreal Projects/Oryx/Content/Characters/Player/BP_Oryx_Archer.uexp" 1724
"C:/Users/Arzuh/Documents/Unreal Projects/Oryx/Content/Characters/Player/BP_Oryx_Assassin.uasset" 1725
"C:/Users/Arzuh/Documents/Unreal Projects/Oryx/Content/Characters/Player/BP_Oryx_Assassin.uexp" 1726
"C:/Users/Arzuh/Documents/Unreal Projects/Oryx/Content/Characters/Player/BP_Oryx_Mage.uasset" 1727
"C:/Users/Arzuh/Documents/Unreal Projects/Oryx/Content/Characters/Player/BP_Oryx_Mage.uexp" 1728
"C:/Users/Arzuh/Documents/Unreal Projects/Oryx/Content/Characters/Player/BP_Oryx_Warrior.uasset" 1729
"C:/Users/Arzuh/Documents/Unreal Projects/Oryx/Content/Characters/Player/BP_Oryx_Warrior.uexp" 1730
"C:/Users/Arzuh/Documents/Unreal Projects/Oryx/Content/UI/HUD/Widgets/WBP_CharacterSelection.uasset" 1731
"C:/Users/Arzuh/Documents/Unreal Projects/Oryx/Content/UI/HUD/Widgets/WBP_CharacterSelection.uexp" 1732
"C:/Users/Arzuh/Documents/Unreal Projects/Oryx/Content/UI/HUD/Widgets/WBP_MainMenu.uasset" 1733
"C:/Users/Arzuh/Documents/Unreal Projects/Oryx/Content/UI/HUD/Widgets/WBP_MainMenu.uexp" 1734
"C:/Users/Arzuh/Documents/Unreal Projects/Oryx/Content/Assets/Loot_Boxes/fbx/free-pack-loot-box_extracted/source/LootBox_01_SG.uasset" 1735
"C:/Users/Arzuh/Documents/Unreal Projects/Oryx/Content/Assets/Loot_Boxes/fbx/free-pack-loot-box_extracted/source/LootBox_01_SG.uexp" 1736
"C:/Users/Arzuh/Documents/Unreal Projects/Oryx/Content/Assets/Loot_Boxes/fbx/free-pack-loot-box_extracted/source/LootBox_02_SG.uasset" 1737
"C:/Users/Arzuh/Documents/Unreal Projects/Oryx/Content/Assets/Loot_Boxes/fbx/free-pack-loot-box_extracted/source/LootBox_02_SG.uexp" 1738
"C:/Users/Arzuh/Documents/Unreal Projects/Oryx/Content/Assets/Loot_Boxes/fbx/free-pack-loot-box_extracted/source/LootBox_03_SG.uasset" 1739
"C:/Users/Arzuh/Documents/Unreal Projects/Oryx/Content/Assets/Loot_Boxes/fbx/free-pack-loot-box_extracted/source/LootBox_03_SG.uexp" 1740
"C:/Users/Arzuh/Documents/Unreal Projects/Oryx/Content/Assets/Loot_Boxes/fbx/free-pack-loot-box_extracted/source/Mesh.ubulk" 1741
"C:/Users/Arzuh/Documents/Unreal Projects/Oryx/Content/Assets/Loot_Boxes/fbx/free-pack-loot-box_extracted/source/Mesh.uasset" 1742
"C:/Users/Arzuh/Documents/Unreal Projects/Oryx/Content/Assets/Loot_Boxes/fbx/free-pack-loot-box_extracted/source/Mesh.uexp" 1743
"C:/Users/Arzuh/Documents/Unreal Projects/Oryx/Content/Assets/Loot_Boxes/fbx/free-pack-loot-box_extracted/source/Mesh_ncl_1.ubulk" 1744
"C:/Users/Arzuh/Documents/Unreal Projects/Oryx/Content/Assets/Loot_Boxes/fbx/free-pack-loot-box_extracted/source/Mesh_ncl_1.uasset" 1745
"C:/Users/Arzuh/Documents/Unreal Projects/Oryx/Content/Assets/Loot_Boxes/fbx/free-pack-loot-box_extracted/source/Mesh_ncl_1.uexp" 1746
"C:/Users/Arzuh/Documents/Unreal Projects/Oryx/Content/Assets/Loot_Boxes/fbx/free-pack-loot-box_extracted/source/Mesh_ncl_2.ubulk" 1747
"C:/Users/Arzuh/Documents/Unreal Projects/Oryx/Content/Assets/Loot_Boxes/fbx/free-pack-loot-box_extracted/source/Mesh_ncl_2.uasset" 1748
"C:/Users/Arzuh/Documents/Unreal Projects/Oryx/Content/Assets/Loot_Boxes/fbx/free-pack-loot-box_extracted/source/Mesh_ncl_2.uexp" 1749
"C:/Users/Arzuh/Documents/Unreal Projects/Oryx/Content/Maps/MainMenu.uexp" 1750
"C:/Users/Arzuh/Documents/Unreal Projects/Oryx/Content/Maps/MainMenu.umap" 1751
